station_id;year;Cd_tonnes;Cd_Est;Cu_tonnes;Cu_Est;Hg_kg;Hg_Est;Pb_tonnes;Pb_Est;Zn_tonnes;Zn_Est;Ag_tonnes;Ag_Est;As_tonnes;As_Est;Cr_tonnes;Cr_Est;Ni_tonnes;Ni_Est
30019;1990;0;0;0.447930996;0;0;0;0;0;7.465516595;0;0;1;0.083942624;1;0.221788056;1;0.194103431;1
30019;1991;0;0;0.193460313;0;0;0;0.096730157;0;9.673015664;0;0;1;0.072509232;1;0.191579449;1;0.167665605;1
30019;1992;0.01588474;0;0.156199942;0;0;0;0.063538959;0;1.728789188;0;0;1;0.059536257;1;0;0;0.148257572;0
30019;1993;0.049939356;0;0.097500647;0;0.237806455;0;0.111769034;0;4.584908455;0;0;1;0.045183226;0;0.225916132;0;0.116525163;0
30019;1994;0.033450526;0;0.286718792;0;0.477864653;0;0.210260447;0;5.352084118;0;0;1;0.090794284;0;0.453971421;0;0.23415368;0
30019;1995;0.028113788;0;0.240975327;0;0.401625545;0;0.17671524;0;4.498206102;0;0;1;0.076308854;0;0.381544268;0;0.196796517;0
30019;1996;0.016253802;0;0.216717355;0;0.406345041;0;0.13273938;0;0.704331404;0;0;1;0.06230624;0;0;0;0.216717355;0
30019;1997;0.016341885;0;0.163418846;0;0.272364743;0;0.089880365;0;3.023248648;0;0;1;0.08443307;0;0;0;0.19065532;0
30019;1998;0.011940058;0;0.238801151;0;0.398001919;0;0.214921036;0;3.263615736;0;0;1;0.095520461;0;0;0;0.278601343;0
30019;1999;0.017906605;0;0.428011525;0;0.449744861;1;0.100451684;0;2.445780144;0;0;1;0.021837323;0;0.200903369;0;0.524095745;0
30019;2000;0.016963606;0;0.388521307;0;0.563499213;1;0.131331146;0;3.556885207;0;0;1;0.136803277;0;0;0;0.279078685;0
30019;2001;0.007636618;0;0.19568833;0;0.491493629;1;0.033410203;0;0.572746333;0;0;1;0.081139064;0;0.124095039;0;0.100230608;0
30019;2002;0.008875748;0;0.119363502;0;0.315169197;1;0.091818078;0;1.744543488;0;0;1;0.079575668;0;0.042848437;0;0.159151336;0
30019;2003;0.015535179;0;0.251521946;0;0.380893704;1;0.13685753;0;2.515219463;0;0;1;0.110965565;0;0.070278191;0;0.203436868;0
30019;2004;0.01226319;1;0.237083781;1;0.406899744;1;0.146201665;1;1.387987073;1;0;1;0.102312941;1;0.100431324;1;0.205472611;1
30019;2005;0.007431412;1;0.151794371;1;0.260520101;1;0.093606529;1;0.761440497;1;0;1;0.066289566;1;0.057133715;1;0.131555122;1
30019;2006;0.012921333;1;0.279748744;1;0.480124332;1;0.172511725;1;1.168821068;1;0;1;0.123611201;1;0.092083961;1;0.242448911;1
30019;2007;0.008055797;1;0.185527544;1;0.318415329;1;0.114408652;1;0.61965407;1;0;1;0.08293523;1;0.05230846;1;0.160790539;1
30019;2008;0.011545624;1;0.284004247;1;0.487427924;1;0.175135952;1;0.710523066;1;0;1;0.128421762;1;0.066662108;1;0.246137014;1
30019;2009;0.010492587;1;0.276959139;1;0.475336618;1;0.170791469;1;0.46076348;1;0;1;0.126664845;1;0.051929839;1;0.240031254;1
30019;2010;0.006177984;1;0.175926093;1;0.301936648;1;0.108487757;1;0.145226739;1;0;1;0.081365818;1;0.024678521;1;0.152469281;1
30019;2011;0.007206507;1;0.222774433;1;0.382341041;1;0.137377567;1;0;1;0;1;0.104182408;1;0.020730399;1;0.193071175;1
30019;2012;0.006564993;1;0.221933792;1;0.380898273;1;0.136859171;1;0;1;0;1;0.104934172;1;0.010171965;1;0.192342619;1
30019;2013;0.006111825;1;0.227944065;1;0.391213524;1;0.140565507;1;0;1;0;1;0.108951836;1;0;1;0.197551523;1
30019;2014;0.008905241;1;0.370360427;1;0.635638432;1;0.22838893;1;0;1;0;1;0.178934056;1;0;1;0.320979037;1
30019;2015;0.005837545;1;0.274362486;1;0.470880061;1;0.1691902;1;0;1;0;1;0.13396946;1;0;1;0.237780821;1
30019;2016;0.003736284;1;0.201866047;1;0.346456609;1;0.124484062;1;0;1;0;1;0.099611282;1;0;1;0.174950574;1
30019;2017;0.020718769;0;0.484940135;0;1.156909538;0;0.390957478;0;3.627689272;0;0;0;0.158057653;0;0.17351214;0;0.321611749;0
30019;2018;0.012459171;0;0.213449086;0;0.274298944;0;0.127147791;0;2.328075972;0;0;0;0.082205767;0;0.061096319;0;0.165291242;0
30019;2019;0.021842234;0;0.412278456;0;0.784540448;0;0.238371575;0;3.723882216;0;0.002175204;0;0.157120114;0;0.119583475;0;0.300808443;0
29612;1990;1.166017036;0;12.34298933;0;17.19005562;0;4.616597915;0;41.27475331;0;0.012035457;1;1.4699963;1;3.462168708;1;5.840000738;1
29612;1991;0.144235325;0;8.286101486;0;8.091273905;0;2.084902853;0;34.78429317;0;0.008959639;1;1.715655083;0;0;0;4.347512579;1
29612;1992;0.327690248;0;6.644074103;0;9.313233803;0;1.264920878;0;26.05204539;0;0.010352526;1;1.2751465;0;5.158113175;0;4.685295273;0
29612;1993;0.301564349;0;7.881519396;0;9.582275797;0;1.588111158;0;25.78324757;0;0.013088224;1;2.005989967;0;3.109132145;0;6.506740947;0
29612;1994;0.250259707;0;8.590653812;0;7.847239323;0;2.637257281;0;33.55135044;0;0.012729853;1;1.554809001;1;3.378963378;1;6.037840486;1
29612;1995;0.17991959;0;10.38144233;0;19.95597128;0;2.495764464;0;40.0857262;0;0.013333691;1;1.256356795;0;0;0;5.384308876;0
29612;1996;0.117847303;0;6.789577166;0;6.003458372;0;1.252128421;0;21.87323697;0;0.009366332;1;1.765070889;0;0;0;4.737948975;0
29612;1997;0.111881874;0;7.603823243;0;1.19545783;0;1.00725795;0;23.9252296;0;0.010172931;1;0.684406469;0;0;0;4.530983876;0
29612;1998;0.168858841;0;9.241219347;0;8.980280577;0;1.535674256;0;32.80071938;0;0.013842173;1;0;0;5.434450803;0;5.578974932;0
29612;1999;0.20293945;0;10.73752835;0;7.768708964;1;1.685710959;0;44.35202692;0;0.013398392;1;1.832757873;0;4.697048604;0;6.355512297;0
29612;2000;0.308181882;0;17.03363096;0;10.12850614;1;5.411141832;0;61.58906368;0;0.017468243;1;2.227456574;0;2.271743616;0;9.469320773;0
29612;2001;0.164139864;0;11.11203905;0;8.825139628;1;0.784609873;0;37.2808839;0;0.015220377;1;1.753694214;0;2.57653728;0;5.423229718;0
29612;2002;0.073060546;0;10.27311824;0;6.878993788;1;0.741005835;0;27.89859028;0;0.011863934;1;1.313078555;0;1.140693799;0;5.047083907;0
29612;2003;0.09013428;0;7.633308551;0;6.425622367;1;0.969942829;0;25.98842412;0;0.011082022;1;1.141631925;0;1.06794617;0;4.693565252;0
29612;2004;0.110551677;0;9.75036306;0;9.119431619;0;3.880249654;0;31.86327235;0;0.012607119;1;1.907141863;0;2.018842448;0;4.703104961;0
29612;2005;0.086914003;0;7.797464994;0;4.458501154;0;1.835772069;0;30.1394817;0;0.010865104;1;1.348436693;0;1.104163731;0;9.410501189;0
29612;2006;0.102330902;0;11.37250694;0;4.624553547;0;1.20489054;0;54.69155876;0;0.012594717;1;1.664105282;0;1.632078584;0;7.895766202;0
29612;2007;0.161843278;0;16.67657971;0;1.781733927;0;4.544453889;0;67.94580714;0;0.01543595;1;2.304595399;0;3.655186573;0;9.339057374;0
29612;2008;0.132283191;0;13.7098129;0;4.330039238;0;1.848572336;0;44.52331543;0;0.015959642;1;1.434070789;0;2.038187333;0;5.580894026;0
29612;2009;0.089428941;0;9.034558764;0;13.71919192;0;1.614435816;0;29.13918984;0;0.013179484;1;1.401615126;0;2.561255384;0;4.37800286;0
29612;2010;0.086369534;0;9.466059366;0;0;0;1.174100322;0;30.93933334;0;0.013324447;1;1.425405955;0;2.157130459;0;4.797076451;0
29612;2011;0.159215873;0;13.11257418;0;15.47544015;0;1.936801593;0;41.47159802;0;0.016535985;1;2.050234836;0;3.450705993;0;6.678337556;0
29612;2012;0.174675009;0;13.99453744;0;14.64556472;0;6.796274703;0;39.2222964;0;0.01438482;1;2.274189665;0;9.539225596;0;6.381981247;0
29612;2013;0.112025407;0;10.73545796;0;10.69714935;0;2.182435278;0;32.78088644;0;0;0;2.036768565;0;2.730886855;0;6.290115906;0
29612;2014;0.116844523;0;9.256795741;0;6.231134893;0;10.36846364;0;34.04294019;0;0.088841711;0;1.841897476;0;2.597002745;0;5.671340235;0
29612;2015;0.139057536;0;12.63033496;0;9.738460324;0;6.098500062;0;47.19448158;0;0.011731116;0;2.265409461;0;2.563323046;0;7.045769631;0
29612;2016;0.098159909;0;8.903986688;0;6.06036453;0;10.44812069;0;38.48997857;0;0.014437418;0;1.500584897;0;1.853679555;0;4.988924776;0
29612;2017;0.091353936;0;8.229109262;0;12.55977664;0;1.444167609;0;24.32564913;0;0;0;1.885933673;0;1.704438287;0;5.265423065;0
29612;2018;0.075694743;0;6.560357698;0;0;0;1.180816402;0;20.25438359;0;0.024423147;0;1.550437599;0;1.096638915;0;4.284334121;0
29612;2019;0.085462892;0;6.952612588;0;31.96164572;0;0.719531878;0;19.58121157;0;0.011305461;0;1.434508044;0;1.106697284;0;4.744528469;0
29779;1990;0.091409407;0;3.647254405;0;0;0;0;0;6.752621874;0;0.003129103;1;0.630120825;1;1.044699891;1;1.066822829;1
29779;1991;0.076306481;0;3.825683719;0;6.031188974;0;0;0;5.913326439;0;0.003899579;1;0.785274908;1;1.301935404;1;1.329505653;1
29779;1992;0.078528815;0;7.608693118;0;7.714332106;0;0.733562862;0;6.837579806;0;0.005501382;1;1.107836682;1;9.296916961;0;5.779529427;0
29779;1993;0.120279341;0;7.830289069;0;4.512995866;0;0.489325644;0;3.44231606;0;0.004578265;1;0.607400221;0;3.267207585;0;1.486079845;0
29779;1994;0.035966848;0;4.732986366;0;4.981563239;0;0.165451477;0;1.240026462;0;0.003124305;1;0.607229747;1;0.985649083;1;0.999412282;1
29779;1995;0.035458889;0;4.932734944;0;2.633116696;0;0.816324271;0;6.57269859;0;0.004550524;1;0.926071639;0;0;0;4.203695077;0
29779;1996;0.019934836;0;5.995189106;0;4.689591764;0;2.212420675;0;3.787651751;0;0.003840366;1;1.805645552;0;0;0;3.777202368;0
29779;1997;0.008637403;0;2.561425331;0;0;0;0.107659433;0;1.178118085;0;0.003829143;1;1.504785921;0;0;0;0.828237853;0
29779;1998;0;0;2.663927318;0;5.472519673;0;0.1206054;0;1.324541278;0;0.004243749;1;1.489034809;0;0;0;0.937178407;0
29779;1999;0.034587494;0;2.896997563;0;2.713248013;1;0.194574154;0;2.781746679;0;0.004630813;1;0.693940581;0;1.057264195;0;1.800746748;0
29779;2000;0.022224023;0;2.593441164;0;3.029524796;1;0.839069431;0;4.678307963;0;0.005298807;1;0.817629947;0;9.615269441;0;6.28787314;0
29779;2001;0.037621939;0;1.481883444;0;2.215349471;1;0.061184098;0;1.773164225;0;0.003973276;1;0.71310564;0;1.362461199;0;1.028362922;0
29779;2002;0.003227262;0;3.248770882;0;1.934433163;1;0.347998149;0;3.385065249;0;0.003559949;1;0.803931139;0;2.042213475;0;4.05561999;0
29779;2003;0;0;1.179691074;0;1.572072896;1;0.114770599;0;8.189426477;0;0.002970585;1;0.340805122;0;0.434227575;0;0.708396925;0
29779;2004;0.007413604;0;2.140228852;0;3.403848322;0;0.04164555;0;0.864684248;0;0.004155932;1;0.296982802;0;0.689864263;0;0.679036066;0
29779;2005;0;0;3.265859955;0;5.457395707;0;0.252694571;0;2.560930564;0;0.005951747;1;0.638526634;0;1.357006394;0;1.2214537;0
29779;2006;0;0;1.6532855;0;2.261849315;0;0.048870818;0;0.788218781;0;0.004040738;1;0.276966744;0;0.552146906;0;0.681445874;0
29779;2007;0;0;2.044211756;0;0;0;0.030589792;0;0.872024536;0;0.005068088;1;0.268780136;0;0.705044169;0;0.498658807;0
29779;2008;0.003482592;0;2.366525432;0;0;0;0.234884837;0;24.59894962;0;0.004406438;1;0.475060137;0;2.024417682;0;1.42672807;0
29779;2009;0.012559155;0;1.735370822;0;0.95228926;0;0.261703006;0;7.380707146;0;0.003494385;1;0.48081181;0;0.686722672;0;0.476183536;0
29779;2010;0.007673498;0;1.817014481;0;0.608401331;0;0.135970574;0;2.513757513;0;0.004063705;1;0.335557814;0;0.626696236;0;0.840297492;0
29779;2011;0.01598538;0;1.935493749;0;2.812282624;0;0.095814492;0;2.594602806;0;0.004172028;1;0.287755198;0;0.524346625;0;0.774720858;0
29779;2012;0.011395381;0;2.200828826;0;2.094712998;0;0.183740695;0;6.139504816;0;0.005243249;1;0.399488;0;0.874525575;0;0.925917128;0
29779;2013;0.00155922;0;1.78646275;0;0.462394143;0;0.065190896;0;0.978555702;0;0;0;0.525157925;0;0.981931723;0;0.691737042;0
29779;2014;0.009912799;0;3.893397603;0;1.324962369;0;0.356103724;0;3.829088972;0;0;0;0.455658537;0;4.144716977;0;2.414092394;0
29779;2015;0.004356885;0;1.495189161;0;1.278137995;0;0.060604262;0;0.538233265;0;0.002459332;0;0.4207038;0;0.860332354;0;0.91824465;0
29779;2016;0.001813578;0;2.140651897;0;0.887932542;0;0.096915668;0;1.105415646;0;0.001327073;0;0.501266057;0;0.987578054;0;1.147317514;0
29779;2017;0;0;1.719991164;0;3.128970225;0;0.044949048;0;0.576849915;0;0;0;0.413012168;0;0.682191279;0;0.870595952;0
29779;2018;0;0;1.352784907;0;1.137012043;0;0.02966239;0;0.459972426;0;0;0;0.252602938;0;0.505210055;0;0.699359979;0
29779;2019;0;0;1.20584156;0;1.539104134;0;0.034360719;0;0.376809855;0;0.009225714;0;0.29013135;0;0.490113818;0;0.639668853;0
29819;1990;0;0;9.950194451;0;0;0;0;0;0;0;0.017161124;1;0.787723727;1;1.742435672;1;26.07780129;1
29819;1991;0.086046296;0;15.05810172;0;0;0;1.720925911;0;29.25574049;0;0.01780851;1;0.817439808;1;1.808167294;1;27.06155995;1
29819;1992;0.063570272;0;10.80694622;0;12.71405438;0;0.444991903;0;5.72132447;0;0.026313552;1;1.207835166;1;4.195637945;0;39.98570102;0
29819;1993;0.050618481;0;8.605141788;0;10.12369622;0;0.354329368;0;4.5556633;0;0.020952436;1;0.961751141;1;3.340819753;0;31.83902462;0
29819;1994;0;0;9.306756008;0;8.86357715;0;0.930675601;0;8.420398293;0;0.018344439;1;1.196582915;0;10.54765681;0;38.8667858;0
29819;1995;0;0;4.9511276;0;0;0;0.180041004;0;3.150717563;0;0.018631029;1;1.755399785;0;26.10594552;0;26.10594552;0
29819;1996;0;0;6.510202645;0;0;0;0.236734642;0;4.142856228;0;0.024497808;1;2.308162756;0;0;0;34.32652304;0
29819;1997;0.055053501;1;7.248083531;1;3.014414433;1;0.348201628;1;6.701873036;1;0.019477108;1;0.894031207;1;1.611608887;1;29.59713839;1
29819;1998;0.164235494;0;7.116871393;0;5.474516456;0;0.273725823;0;14.23374279;0;0.022660588;1;1.587609772;0;0;0;24.63532405;0
29819;1999;0;0;6.556614043;0;3.27720544;1;0.105751839;0;0;0;0.021886854;1;0.898890635;0;1.110394314;0;28.1828652;0
29819;2000;0.013055466;0;5.744404904;0;3.977837203;1;0.130554657;0;2.611093138;0;0.027020151;1;0.391663971;0;0;0;25.58871275;0
29819;2001;0;0;6.946529319;0;2.773787749;1;0.20839588;0;4.631019546;0;0.019169113;1;0.879893714;0;2.408130164;0;30.56472901;0
29819;2002;0;0;7.076569671;0;2.776570739;1;0.21229709;0;4.717713114;0;0.019527962;1;0.896365492;0;2.453210819;0;31.13690655;0
29819;2003;0;0;2.497678311;0;2.946878109;1;0;0;0;0;0.021099192;1;0.387395003;0;0.351713885;0;1.427244749;0
29819;2004;0.150230655;0;34.35067735;0;9.537135616;0;1.026065241;0;14.06715569;0;0.021767549;1;2.477458468;0;3.088448744;0;63.61835128;0
29819;2005;0.04475012;0;13.7238987;0;2.570257609;0;0.392886475;0;7.291264264;0;0.016739451;1;0.769347844;0;0.579445689;0;25.79078165;0
29819;2006;0.097451896;0;23.09210217;0;4.348811581;0;0.375153409;0;8.494708646;0;0.020992974;1;1.282298935;0;0.975728161;0;120.8680061;0
29819;2007;0.079433533;0;43.39559486;0;0;0;1.454227996;0;9.614099039;0;0.024746986;1;1.775087571;0;1.240016879;0;58.78547568;0
29819;2008;0.081325435;0;14.3374356;0;0;0;0.719685351;0;16.31214568;0;0.019505347;1;1.163197682;0;0.681957739;0;23.2522153;0
29819;2009;0.036299085;0;7.46345863;0;7.658347957;0;0.435701848;0;5.097244385;0;0.01490348;1;0.664602394;0;0.419312874;0;14.47529598;0
29819;2010;0.092696707;0;27.35416928;0;4.063478852;0;1.629478265;0;18.36110453;0;0.021449429;1;2.556055571;0;1.039228006;0;48.19942239;0
29819;2011;0.124404912;0;13.28499894;0;4.594739063;0;0.667149433;0;13.02945107;0;0.021745402;1;0.801846966;0;0.657340182;0;28.08024463;0
29819;2012;0.06096532;0;11.51014648;0;0;0;0.579826286;0;15.82284005;0;0.020164769;1;1.086176468;0;0.875277744;0;22.27212679;0
29819;2013;0.158220822;0;62.86211914;0;0;0;2.454108318;0;21.8853594;0;0;0;3.737577396;0;0.546735257;0;32.12040878;0
29819;2014;0.044166704;0;13.504703;0;0;0;0.261188318;0;8.235928945;0;0;0;1.282633127;0;0.884394696;0;24.3248722;0
29819;2015;0.111759514;0;51.14215411;0;6.024914233;0;3.347191375;0;20.40728128;0;0.03836554;0;3.709154331;0;1.970691459;0;95.50472613;0
29819;2016;0.08410853;0;25.96684979;0;0;0;0.344927774;0;8.519455553;0;0;0;1.279378019;0;0.812056202;0;151.7513659;0
29819;2017;0.068575984;0;20.1914472;0;4.742595584;0;0.446489365;0;12.75454761;0;0;0;1.094908868;0;0.948890741;0;50.00701148;0
29819;2018;0.2192725;0;110.4820189;0;0;0;1.113216733;0;16.68748668;0;0.006069647;0;2.549321759;0;0.904572686;0;108.6653089;0
29819;2019;0.140344023;0;52.28333483;0;4.989821671;0;0.820018159;0;23.15863952;0;0.065086584;0;1.393655642;0;1.846100096;0;89.30160417;0
29820;1990;0;0;4.619626703;0;0;0;6.929440054;0;11.54906676;0;0.004710369;1;0.295656109;1;1.599545746;1;1.865174281;1
29820;1991;0.197135192;0;4.928379796;0;0;0;5.174798786;0;7.885407674;0;0.005025187;1;0.315416307;1;1.706451504;1;1.989833343;1
29820;1992;0.216773695;0;5.78063188;0;18.06447462;0;0.289031594;0;7.948368834;0;0.007367725;1;0.46245055;1;7.298047748;0;3.974184417;0
29820;1993;0.169384739;0;4.51692637;0;14.11539491;0;0.225846319;0;6.210773759;0;0.005757065;1;0.36135411;1;5.702619543;0;3.10538688;0
29820;1994;0.043130377;0;3.019126378;0;10.78259421;0;1.380172058;0;2.156518841;0;0.004397758;1;0.646955652;0;10.17876893;0;3.5366909;0
29820;1995;0.111275391;0;7.232900446;0;0;0;1.335304698;0;14.46580089;0;0.005673058;1;0.278188479;0;2.058594742;0;2.781884787;0
29820;1996;0.176089112;0;23.36115547;0;0;0;4.754406013;0;56.34851571;0;0.005984933;1;0.645660076;0;6.163118906;0;4.695709642;0
29820;1997;0.159612909;0;21.28172121;0;0;0;4.309548546;0;51.07613092;0;0.005424939;1;0.585247333;0;5.586451819;0;4.256344243;0
29820;1998;0.160247983;0;11.2173588;0;5.341599429;0;3.098127669;0;75.85071189;0;0.005446524;1;0.534159943;0;5.875759372;0;4.807439486;0
29820;1999;0;0;3.594385521;0;2.889232124;1;0.165894716;0;0;0;0.005638445;1;0.276491194;0;2.7096137;0;2.26722779;0
29820;2000;0.011870628;0;0;0;3.030315953;1;0;0;0;0;0.006051901;1;0.356118851;0;1.483828544;0;0.652884559;0
29820;2001;0;0;3.375906962;0;2.589747328;1;0;0;44.14647566;0;0.005295722;1;0.332396993;0;1.610047936;0;2.181355268;0
29820;2002;0;0;3.218328011;0;2.409821387;1;0;0;42.08582784;0;0.005048531;1;0.316881527;0;1.534894898;0;2.079535023;0
29820;2003;0;0;1.630776943;0;2.277248329;1;0;0;0;0;0.004890618;1;0.340544597;0;0.863352499;0;1.151136666;0
29820;2004;0.147369043;0;3.218548397;0;4.470122383;0;0.162258905;0;4.683997692;0;0.005086951;1;0.557953191;0;1.367698314;0;1.930854761;0
29820;2005;0.065959804;0;3.723956284;0;2.447778034;0;0.573597532;0;4.678450683;0;0.006388146;1;0.44650632;0;1.082115294;0;2.048643546;0
29820;2006;0.029489316;0;4.067742387;0;1.469142286;0;0.256871829;0;7.158987892;0;0.005468769;1;0.316014824;0;1.639814037;0;2.91399622;0
29820;2007;0;0;2.895261842;0;0;0;0.091602157;0;3.515924621;0;0.006054607;1;0.221736946;0;1.59873723;0;2.018584843;0
29820;2008;0.009972759;0;2.121114717;0;0;0;0.127452856;0;3.115813694;0;0.005171066;1;0.309040187;0;1.37692273;0;1.473059715;0
29820;2009;0.02352227;0;3.422919519;0;8.828067252;0;0.430019975;0;6.297773065;0;0.004827802;1;0.30428402;0;1.72260264;0;2.182990408;0
29820;2010;0.075720314;0;4.551351225;0;2.276793007;0;0.88803108;0;15.96175613;0;0.005398718;1;0.45004532;0;1.860413371;0;2.328775772;0
29820;2011;0.034460398;0;3.348450514;0;11.37507322;0;0.176269213;0;4.085373457;0;0.006256848;1;0.273750565;0;2.644471138;0;2.585104822;0
29820;2012;0.022816168;0;3.265654035;0;3.491168213;0;0.277533413;0;10.51185257;0;0.006104835;1;0.475066161;0;1.754468162;0;2.047255957;0
29820;2013;0;0;2.657999449;0;0;0;0.183288332;0;6.849833352;0;0;0;0;0;1.62379607;0;1.587310567;0
29820;2014;0.035500435;0;4.208620287;0;5.322166854;0;0.254778993;0;10.22665774;0;0;0;0.275822123;0;2.044979853;0;1.811297928;0
29820;2015;0;0;3.099921107;0;0;0;0.18166795;0;3.734007015;0;0.004092034;0;0.451214915;0;2.143596954;0;2.832846437;0
29820;2016;0.026816961;0;4.519822538;0;0;0;0.398791865;0;5.289614489;0;0;0;0.348749813;0;2.954151873;0;4.0099179;0
29820;2017;0.011520243;0;3.676972693;0;3.948112262;0;0.188812066;0;11.76200054;0;0;0;0.451043833;0;2.71737983;0;3.623307009;0
29820;2018;0.026186404;0;4.580351698;0;0;0;0.243390959;0;13.22792613;0;0;0;0.376446624;0;2.102501051;0;3.627694729;0
29820;2019;0.025469321;0;4.921810273;0;0;0;0.318863215;0;31.97032202;0;0;0;0.400713226;0;3.103092594;0;6.212343953;0
29821;1990;0;0;5.426026296;0;0;0;0;0;47.84768643;0;0.013756895;1;0.3730964;1;0.923472094;1;1.068949602;1
29821;1991;0.074612641;0;1.989670439;0;0;0;0.746126414;0;9.948352193;0;0.006936212;1;0.188114819;1;0.465613676;1;0.538963285;1
29821;1992;0.069608503;0;1.044127542;0;8.701062851;0;0.069608503;0;7.308892795;0;0.009706519;1;0.263247434;1;0.651578678;1;0.754223948;1
29821;1993;0.053030947;0;0.530309466;0;6.628868327;0;0.212123786;0;3.44701153;0;0.007394871;1;0.212123786;0;2.200784285;0;0;0
29821;1994;0.039574031;1;1.151314041;1;2.845089469;1;0.198931743;1;5.592840307;1;0.008394476;1;0.227663921;1;0.542308279;1;0.671124799;1
29821;1995;0.068969627;0;0.689696268;0;8.621203344;0;0.275878507;0;4.483025739;0;0.009617431;1;0.344848134;0;2.931209137;0;0;0
29821;1996;0.016259549;0;0.812977439;0;1.625954877;0;0.178855036;0;5.040460119;0;0.004534607;1;0;0;0;0;0.487786463;0
29821;1997;0.028774909;0;2.01424363;0;2.8774909;0;0.028774909;0;26.18516719;0;0.008025002;1;1.553845086;0;0;0;0.57549818;0
29821;1998;0.053188693;0;1.063773865;0;2.659434662;0;0.15956608;0;3.723208526;0;0.007416868;1;1.436094717;0;0;0;1.063773865;0
29821;1999;0.10631407;0;1.508973902;0;3.241623848;1;0.274358891;0;4.801280599;0;0.009564456;1;0.24006403;0;0.274358891;0;2.640704329;0
29821;2000;0.040557794;0;0.5161901;0;3.485099662;1;0.368707215;0;7.005437076;0;0.010282835;1;0.294965772;0;0.995509479;0;0.663672986;0
29821;2001;0.004618176;0;0.346363187;0;2.182599417;1;0;0;1.062180441;0;0.00643979;1;0.138545275;0;0.115454396;0;0;0
29821;2002;0.036382104;0;0.568470375;0;2.149321556;1;0.432037485;0;3.638210398;0;0.006341603;1;0;0;0;0;0;0
29821;2003;0;0;0.517642748;0;2.446435132;1;0.077646412;0;2.044688855;0;0.007218241;1;0;0;0;0;0;0
29821;2004;0.017579757;0;0.836893244;0;3.025811552;0;0.136523405;0;3.311185131;0;0.007647527;1;0.13143744;0;0.271901788;0;0.693078619;0
29821;2005;0.023328817;0;2.494697526;0;0;0;0.246088115;0;4.271485966;0;0.010631786;1;0.243328975;0;0;0;1.140899231;0
29821;2006;0.015686142;0;1.335468106;0;3.615147565;0;0.179260907;0;3.393947149;0;0.006737226;1;0.398270334;0;0.15746293;0;0.705153747;0
29821;2007;0.012192346;0;1.147504786;0;1.142515376;0;0.2590928;0;5.69419331;0;0.010592064;1;0.225630957;0;0.106530435;0;1.430666398;0
29821;2008;0.018763989;0;1.095806621;0;2.169767399;0;0.205932848;0;5.577497432;0;0.008632942;1;0.218286331;0;0.088167572;0;0.869573581;0
29821;2009;0.020135397;0;1.18970539;0;2.032295922;0;0.171770613;0;4.777892054;0;0.008209556;1;0.170089247;0;0.405570058;0;0.856387644;0
29821;2010;0.012247703;0;1.032260364;0;0.519414808;0;0.116784709;0;5.229174235;0;0.005425308;1;0.147282145;0;0.299361715;0;0.631569605;0
29821;2011;0.035908671;0;1.5513244;0;6.216273279;0;0.36662983;0;5.027265881;0;0.010639591;1;0.327308105;0;0.345443099;0;1.138377649;0
29821;2012;0.02082955;0;1.496926505;0;2.127831893;0;0.26038043;0;4.32579196;0;0.009463811;1;0.204675924;0;0.232686134;0;0.91930096;0
29821;2013;0.015293126;0;1.088652323;0;3.377631032;0;0.166538401;0;3.033114655;0;0;0;0.229350837;0;0.370107253;0;0.833408598;0
29821;2014;0.022583594;0;1.157338422;0;2.077840644;0;0.28766485;0;3.251956126;0;0;0;0.26736454;0;0.39905394;0;0.981722474;0
29821;2015;0.023317944;0;1.329617996;0;4.520546475;0;0.312506041;0;4.630855207;0;0.002313578;0;0.306379236;0;0.226910511;0;1.375331883;0
29821;2016;0.017967832;0;1.212047255;0;1.500653475;0;0.191949448;0;5.824032736;0;0.001523634;0;0.188088022;0;0.171685767;0;0.796591894;0
29821;2017;0.01384058;0;1.044844637;0;0;0;0.158681052;0;2.829575456;0;0;0;0.207549227;0;0.162546135;0;0.815020873;0
29821;2018;0.021574929;0;1.255239138;0;1.030698664;0;0.216556518;0;3.312904639;0;0;0;0.271210543;0;0.184911002;0;1.033373599;0
29821;2019;0.012017575;0;0.903470758;0;3.849371558;0;0.167387913;0;1.946169707;0;0.005187219;0;0.211409556;0;0.121395613;0;0.712928321;0
29822;1990;0;0;4.460908624;0;0;0;0;0;5.947878166;0;0.003271333;1;0.127818272;1;1.231332997;1;0.545901147;1
29822;1991;1.389344587;0;2.464966203;0;0;0;0.67226351;0;4.481756732;0;0.002464966;1;0.096311724;1;0.927815734;1;0.411339317;1
29822;1992;0.031412287;0;1.570614338;0;0;0;0.157061434;0;1.570614338;0;0.003455352;1;0.135008287;1;1.300597763;1;0.576609099;1
29822;1993;0.082719049;0;1.378650818;0;0;0;0.165438098;0;1.930111145;0;0.003033032;1;0.027573016;0;1.847392096;0;0.441168262;0
29822;1994;0.009752939;1;1.718618797;1;0.883047801;1;0.191861521;1;1.562141242;1;0.002318186;1;0.090576694;1;0.841100235;1;0.386845483;1
29822;1995;0.127578033;0;22.00721068;0;0;0;4.68849271;0;39.23024513;0;0.003508396;1;0;0;18.88154887;0;13.65084952;0
29822;1996;0.042767722;0;8.125867186;0;0;0;1.68932502;0;14.54102549;0;0.002352225;1;0;0;2.416376295;0;4.918288033;0
29822;1997;0;0;2.922743772;0;0;0;0.292274377;0;3.288086744;0;0.004018773;1;0;0;0;0;0;0
29822;1998;0.010781492;1;2.344344633;1;1.20455355;1;0.213731141;1;2.13089572;1;0.003162206;1;0.123554442;1;0.975637071;1;0.527690686;1
29822;1999;0.009132267;0;2.694018778;0;0.956637129;1;0.228306676;0;1.095872045;0;0.002511373;1;0.114153338;0;1.095872045;0;0.707750696;0
29822;2000;0.006955047;0;2.990670225;0;1.457131333;1;0.417302822;0;3.825275869;0;0.003825276;1;0;0;2.364715992;0;1.356234172;0
29822;2001;0;0;0.971384842;0;0.847966521;1;0.062735271;0;0;0;0.00222609;1;0;0;0;0;0;0
29822;2002;0;0;1.303600509;0;1.162185051;1;0.305097992;0;0;0;0.00305098;1;0;0;0.582459802;0;0;0
29822;2003;0;0;1.643320637;0;0.943252729;1;0.101300587;0;1.350674496;0;0.002476237;1;0.193596678;0;0.315157382;0;0;0
29822;2004;0.015376094;0;3.66939035;0;3.421002324;0;0.653683112;0;5.99179639;0;0.003005086;1;0.19028817;0;4.367055473;0;2.924287902;0
29822;2005;0.007442998;0;2.847157544;0;2.271747128;0;0.093648622;0;1.753785614;0;0.00337309;1;0.191622861;0;0.469762156;0;0.456935345;0
29822;2006;0;0;1.522825757;0;1.134624272;0;0.031876597;0;2.310295339;0;0.00255626;1;0.070999581;0;0.369351879;0;0.307445128;0
29822;2007;0;0;2.277622362;0;1.583022027;0;0.079493938;0;1.688244896;0;0.003079108;1;0;0;0.676787874;0;0.427293484;0
29822;2008;0.006765368;0;6.80542515;0;0;0;0.152976956;0;3.318892937;0;0.003253835;1;0.137013275;0;0.648600446;0;0.605128415;0
29822;2009;0.008941792;0;2.283684824;0;5.120096882;0;0.036188777;0;8.500553669;0;0.002674133;1;0.064550233;0;0.27508173;0;0.229859261;0
29822;2010;0;0;1.986412119;0;0;0;0.026167893;0;0.613868909;0;0.00233612;1;0.090950205;0;0.272847209;0;0.275513964;0
29822;2011;0.021442774;0;2.777945953;0;2.091129505;0;0.073825453;0;2.181198523;0;0.00297904;1;0.132221295;0;0.689859115;0;0.605196402;0
29822;2012;0;0;2.782862545;0;1.892473615;0;0.221731918;0;7.274392309;0;0.003400431;1;0.047362082;0;1.565013579;0;1.110338273;0
29822;2013;0.004439001;0;2.53987353;0;0;0;0.187075169;0;2.827513362;0;0;0;0;0;1.191388908;0;1.055856821;0
29822;2014;0;0;0.988753113;0;0.559581469;0;0.029532388;0;1.10564093;0;0;0;0;0;0.304932161;0;0.334240588;0
29822;2015;0;0;1.138211463;0;0;0;0.027967129;0;0.676169566;0;0.002281482;0;0.074679828;0;0.297117498;0;0.369155882;0
29822;2016;0;0;1.273502676;0;1.171539175;0;0.070204898;0;0.880935798;0;0;0;0.096937006;0;0.469376006;0;0.398053868;0
29822;2017;0.005182594;0;2.068245489;0;0;0;0.070789261;0;1.089860804;0;0;0;0.118281104;0;0.608087773;0;0.717078915;0
29822;2018;0.004103129;0;2.170567836;0;0;0;0.118802742;0;2.412163764;0;0;0;0.131727234;0;0.504524073;0;0.647058938;0
29822;2019;0;0;1.697062471;0;4.537605866;0;0.034223486;0;2.826617226;0;0;0;0.088044257;0;0.342887226;0;0.457552981;0
29782;1990;0.078393699;0;14.48611672;0;2.808848492;0;3.740439674;0;36.19968107;0;0.011558957;1;0.765037472;1;2.516233998;1;3.250771607;1
29782;1991;0.233407418;0;6.93291862;0;3.737850175;0;1.719622595;0;27.24913797;0;0.009558202;1;0.632616121;1;2.080695717;1;2.688091237;1
29782;1992;0.14728339;0;7.525238305;0;12.30424802;0;2.063929937;0;15.90757811;0;0.010117324;1;0.669622058;1;9.840878659;0;3.179738936;0
29782;1993;0.261597493;0;17.77638786;0;3.574611966;0;1.475751238;0;33.57112124;0;0.010445183;1;0.94905316;0;4.512417636;0;4.514658517;0
29782;1994;0.158451992;0;20.59802628;0;6.265990832;0;3.36603379;0;37.56217331;0;0.007175729;1;0.474930517;1;1.453523742;1;1.886400486;1
29782;1995;1.523998943;0;13.28337429;0;17.4663358;0;7.456779843;0;29.27444402;0;0.010812302;1;0;0;0;0;6.812731564;0
29782;1996;0.118104364;0;22.10403022;0;11.68478538;0;4.873534516;0;45.62905851;0;0.007596158;1;0;0;0;0;3.888792461;0
29782;1997;0.110720783;0;13.32076426;0;3.323397504;0;3.617205942;0;40.5559464;0;0.011607153;1;0.39485512;0;0;0;3.033072429;0
29782;1998;0.073047209;0;13.72120784;0;6.383782425;0;1.769156948;0;29.42930425;0;0.010099208;1;0.565490664;0;0;0;3.139751159;0
29782;1999;0.096579926;0;3.325686733;0;4.240920029;1;0.802953826;0;16.51907347;0;0.008040128;1;0.848157192;0;1.42081183;0;2.989385879;0
29782;2000;0.031253329;0;2.643184968;0;5.530017697;1;0.585200129;0;7.928969011;0;0.01072244;1;0.688783932;0;1.334045578;0;1.657890618;0
29782;2001;0.030507095;0;1.925156322;0;4.425394713;1;0.183242193;0;35.67535872;0;0.008780271;1;0.613664038;0;1.208568681;0;1.254453187;0
29782;2002;0;0;1.606651625;0;4.332909235;1;0.445095192;0;1.657437445;0;0.008801556;1;0.622569111;0;0.474433202;0;0.863391475;0
29782;2003;0;0;2.345064507;0;4.316310434;1;0.491782296;0;7.820352725;0;0.008981791;1;1.129931158;0;0.562265013;0;1.70083692;0
29782;2004;0.013494774;0;5.505547024;0;4.153760019;0;0.457677544;0;4.524876511;0;0.008955921;1;0.587193968;0;0.464357683;0;1.624447459;0
29782;2005;0;0;2.197270467;0;2.225104319;0;0.366098935;0;50.17950816;0;0.011951486;1;0.70784795;0;0.536861019;0;1.219017063;0
29782;2006;0.0117998;0;1.406892658;0;1.474954892;0;0.262006331;0;2.880455317;0;0.007367428;1;0.472180186;0;0.621681179;0;0.985713468;0
29782;2007;0.007281667;0;2.191280217;0;1.859734963;0;0.503553915;0;4.458014648;0;0.010277336;1;0.556565358;0;1.054738617;0;1.410154206;0
29782;2008;0.004827283;0;1.711501191;0;0.849713485;0;0.324669954;0;4.58308464;0;0.008223903;1;0.451496828;0;0.909367675;0;0.854219653;0
29782;2009;0.01902188;0;1.982187578;0;5.651655327;0;0.340409428;0;2.966148688;0;0.00954502;1;0.693890498;0;0.917237569;0;1.105976947;0
29782;2010;0.014199478;0;1.447541212;0;2.470350674;0;0.250798498;0;2.522876722;0;0.007244041;1;0.472831831;0;0.966613066;0;1.154260844;0
29782;2011;0.04165365;0;3.662617207;0;6.731252013;0;1.125345353;0;7.229831728;0;0.012447807;1;0.960520788;0;1.179565618;0;2.522035633;0
29782;2012;0.016600696;0;3.335677153;0;2.254547134;0;0.581489528;0;3.152456508;0;0.009236026;1;0.665240342;0;0.707329366;0;1.409765492;0
29782;2013;0;0;1.909833972;0;0.712831824;0;0.278855663;0;2.672598888;0;0;0;0.617318679;0;0.974028541;0;1.436531665;0
29782;2014;0.021214046;0;2.263900111;0;0.779813928;0;0.203315202;0;2.238302399;0;0;0;0.493875108;0;1.240536583;0;1.23052583;0
29782;2015;0.023589406;0;2.143723635;0;3.859360331;0;0.372226934;0;2.680113944;0;0.006461853;0;0.834030149;0;0.606760749;0;1.878837496;0
29782;2016;0.008987613;0;1.352639951;0;1.771411368;0;0.164990801;0;1.304908555;0;0.00240079;0;0.472469376;0;0.402081214;0;0.982915245;0
29782;2017;0.009270354;0;1.064020026;0;0;0;0.191517521;0;1.047347009;0;0;0;0.359566486;0;0.381896108;0;0.982698752;0
29782;2018;0.015739443;0;1.851906912;0;0;0;0.366179919;0;2.367359859;0;0;0;0.606219831;0;0.62247586;0;1.796031669;0
29782;2019;0.009238867;0;1.469239705;0;3.924635762;0;0.115531206;0;1.60394249;0;0;0;0.495404955;0;0.320848233;0;1.370320911;0
36225;1990;0.050400387;0;3.360025779;0;0;0;3.19202449;0;5.040038669;0;0.001708725;1;0.068880528;1;0.156241199;1;0.188371445;1
36225;1991;0.051712803;0;3.447520175;0;0;0;3.102768158;0;5.171280263;0;0.001753219;1;0.070674164;1;0.160309688;1;0.1932766;1
36225;1992;0.012588872;0;0.72036324;0;2.517774432;0;0.34829213;0;2.867465325;0;0.001422669;1;0.057349307;1;0.130085012;1;0.156836366;1
36225;1993;0.001647399;0;0.538699439;0;1.037861305;0;0.235578042;0;1.976878676;0;0.001675553;1;0.072485551;0;0.457976893;0;0.331127178;0
36225;1994;0.006355814;0;0.59320933;0;1.059302374;0;0.095337214;0;1.652511704;0;0.002154812;1;0.074151166;0;0;0;0.105930237;0
36225;1995;0.00819012;0;0.839487297;0;0.614258998;0;0.141279569;0;1.842776993;0;0.002082523;1;0.07780614;0;0;0;0.307129499;0
36225;1996;0.003766892;0;0.477139685;0;0.25112615;0;0.292561965;0;1.531869515;0;0.00127709;1;0.031390769;0;0.226013535;0;0.276238765;0
36225;1997;0.006957379;0;0.556590329;0;0.278295164;0;0.098794783;0;1.252328239;0;0.001415256;1;0.064007888;0;0;0;0;0
36225;1998;0.006999135;0;0.559930791;0;0.524935116;0;0.180227723;0;1.94225993;0;0.001779688;1;0.048993944;0;0.104987023;0;0.069991349;0
36225;1999;0.017153183;0;1.18928735;0;0.336283655;1;0.503160033;0;3.888054799;0;0.002326178;1;0.137225463;0;0.251580016;0;0.343063659;0
36225;2000;0.049755203;0;3.288418611;0;0.400044683;1;1.418309244;0;11.838307;0;0.002908364;1;0.2058836;0;0.323122872;0;0.671981194;0
36225;2001;0.007826292;0;1.07108398;0;0.296874632;1;0.084971172;0;1.63234093;0;0.002274298;1;0.098387672;0;0.288454767;0;0.22584443;0
36225;2002;0.005286281;0;0.704837524;0;0.22137257;1;0.081056315;0;1.374433172;0;0.001792208;1;0.095153066;0;0.045814439;0;0.28193501;0
36225;2003;0.01697659;0;2.052115231;0;0.22106014;1;0.876812871;0;6.342901624;0;0.001897442;1;0.104471321;0;0.261178302;0;0.447734232;0
36225;2004;0.00972497;1;0.797447527;1;0.216595169;1;0.165395139;1;2.333992763;1;0.001978234;1;0.079744753;1;0.180884439;1;0.218082449;1
36225;2005;0.008133785;1;0.666970369;1;0.169549218;1;0.131027803;1;1.952108398;1;0.001654559;1;0.066697037;1;0.151288401;1;0.182400128;1
36225;2006;0.00319386;1;0.261896532;1;0.062018535;1;0.048581479;1;0.766526435;1;0.000649689;1;0.026189653;1;0.059405799;1;0.071622314;1
36225;2007;0.002429482;1;0.199217491;1;0.043708904;1;0.034772474;1;0.583075582;1;0.0004942;1;0.019921749;1;0.045188358;1;0.054481125;1
36225;2008;0.002836426;1;0.232586899;1;0.046982648;1;0.038049316;1;0.680742143;1;0.00057698;1;0.02325869;1;0.052757516;1;0.063606844;1
36225;2009;0.002279578;1;0.186925363;1;0.034506023;1;0.028531982;1;0.547098623;1;0.000463707;1;0.018692536;1;0.042400143;1;0.051119528;1
36225;2010;0.002128982;1;0.174576556;1;0.029188384;1;0.024734863;1;0.510955775;1;0.000433073;1;0.017457656;1;0.039599073;1;0.04774243;1
36225;2011;0.00277223;1;0.227322893;1;0.03405133;1;0.029718251;1;0.665335295;1;0.000563922;1;0.022732289;1;0.051563485;1;0.062167267;1
36225;2012;0.002429309;1;0.199203322;1;0.026372578;1;0.023860173;1;0.583034114;1;0.000494165;1;0.019920332;1;0.045185144;1;0.05447725;1
36225;2013;0.002971588;0;0.157068692;0;0.053113755;0;0.038735822;0;0.572116677;0;0;0;0.011474607;0;0.099400431;0;0.043191648;0
36225;2014;0.003741163;0;0.276860491;0;0.082171567;0;0.052251978;0;1.100874734;0;0;0;0.019060287;0;0.062555976;0;0.058743259;0
36225;2015;0.004750948;0;0.287422905;0;0.060109619;0;0.119698456;0;1.18544752;0;0.000293167;0;0.025223293;0;0.042218875;0;0.069636149;0
36225;2016;0.001369833;0;0.1141513;0;0.044603157;0;0.021671233;0;0.397678646;0;0.000421596;0;0.014029909;0;0.018644472;0;0.036217998;0
36225;2017;0.005582999;0;0.426424884;0;0.067307331;0;0.161677194;0;1.853461628;0;0.000974734;0;0.026754947;0;0.095556184;0;0.113190981;0
36225;2018;0.001136961;0;0.100385788;0;0.027459429;0;0.016361236;0;0.365053891;0;0.00051235;0;0.011720563;0;0.015231439;0;0.029579653;0
36225;2019;0.002152729;0;0.204626232;0;0.08204665;0;0.035243005;0;0.620023147;0;0.000294966;0;0.023209054;0;0.024893254;0;0.057100173;0
29832;1990;0;0;7.319573443;0;0;0;2.252176444;0;23.46017129;0;0.001467936;1;0.22728996;1;0.327080788;1;0.511431734;1
29832;1991;0.030845135;0;2.004933743;0;0;0;0.61690269;0;11.72115111;0;0.001206265;1;0.186773715;1;0.268776035;1;0.420264958;1
29832;1992;0.076181255;0;0.57135941;0;0;0;0.704676605;0;8.189484873;0;0.001489616;1;0.230646684;1;0.33191127;1;0.518984797;1
29832;1993;0.012741605;0;0.12741605;0;1.274160497;0;0.267573704;0;6.115970388;0;0.000996576;1;1.108519633;0;0.624338644;0;0.573372224;0
29832;1994;0.015941468;0;0.159414678;0;1.594146779;0;0.334770824;0;7.651904538;0;0.001246851;1;1.386907698;0;0.781131922;0;0.813014857;0
29832;1995;0.016325209;0;0.163252093;0;1.632520928;0;0.342829395;0;7.836100454;0;0.001276865;1;1.420293207;0;0.799935255;0;0.832585673;0
29832;1996;0.010287418;0;0.205748354;0;1.543112654;0;0.318909948;0;3.600596193;0;0.000804623;1;0;0;0;0;0.308622531;0
29832;1997;0.044810541;0;0.298736939;0;0;0;0.313673786;0;5.227896434;0;0.001168275;1;0.164305317;0;0;0;0;0
29832;1998;0.031336164;0;0.783404098;0;0;0;0.407370131;0;4.54374377;0;0.001225468;1;0.250689311;0;0;0;5.640509507;0
29832;1999;0.038722771;0;0.6566035;0;1.107023815;1;0.319883756;0;5.219156026;0;0.001316815;1;0.168359872;0;0.016835987;0;0.454571654;0
29832;2000;0.044174075;0;0.572255059;0;1.320271226;1;0.341345123;0;5.822946219;0;0.001570474;1;0.180712124;0;0;0;1.80712124;0
29832;2001;0.026979476;0;0.269794758;0;0.886996466;1;0.404692138;0;4.046921376;0;0.00105509;1;0;0;0;0;0;0
29832;2002;0.041275401;0;0.316444739;0;0.904666317;1;0.495304808;0;4.127540069;0;0.001076109;1;0.133457129;0;0.089430035;0;0;0
29832;2003;0.024952044;0;0.249520438;0;0.863517016;1;0.262653092;0;1.838571646;0;0.001027161;1;0.090615317;0;0;0;0;0
29832;2004;0.037596508;0;0.479053862;0;1.312057794;0;0.867846933;0;4.733948856;0;0.001288279;1;0.215543267;0;0.131205779;0;0.285931133;0
29832;2005;0.042304956;0;0.368511013;0;1.153384694;0;0.362270509;0;5.823938782;0;0.001382714;1;0.156466689;0;0.07467442;0;0.283589094;0
29832;2006;0.032436602;0;0.429735211;0;1.021833344;0;0.506850019;0;4.320618495;0;0.001233337;1;0.149283764;0;0.141736135;0;0.202651416;0
29832;2007;0.0352365;0;0.418013821;0;0;0;0.517176012;0;4.974245423;0;0.001397736;1;0.09739809;0;0.15694237;0;0.266567188;0
29832;2008;0.039764316;0;0.399655587;0;1.929357838;0;0.39542364;0;5.065061671;0;0.001477772;1;0.131601957;0;0.222571791;0;0.133686589;0
29832;2009;0.029799294;0;0.30286127;0;3.08282132;0;0.286096084;0;3.818762986;0;0.001137088;1;0.180545951;0;0.146615165;0;0.23443664;0
29832;2010;0.018765516;0;0.364165338;0;1.0460583;0;0.278414929;0;2.575052628;0;0.000775508;1;0.099151763;0;0.032774215;0;0.205585184;0
29832;2011;0.034050701;0;0.475001344;0;1.60511863;0;0.316257723;0;4.427103041;0;0.001316784;1;0.226667159;0;0;0;0.227623543;0
29832;2012;0.040679539;0;0.402829262;0;0.629419108;0;0.287126846;0;4.697659223;0;0.001368977;1;0.132712193;0;0.158486078;0;0.230402194;0
29832;2013;0.029975805;0;0.415432568;0;0;0;0.221270964;0;4.076031692;0;0;0;0.136582519;0;0.303979326;0;0.22126434;0
29832;2014;0.048492054;0;0.620442547;0;1.3152459;0;0.651314852;0;5.507721653;0;0;0;0.165223947;0;0.33948871;0;0.313269721;0
29832;2015;0.036775947;0;0.403228438;0;0;0;0.333984583;0;4.901653246;0;0;0;0.167457311;0;0.102890978;0;0.255357298;0
29832;2016;0.029722638;0;0.415414693;0;1.311659008;0;0.242032685;0;3.93673703;0;0;0;0.131654809;0;0.082481189;0;0.328437242;0
29832;2017;0.03677538;0;0.450963582;0;1.623144101;0;0.355292457;0;4.409628119;0;0.001362789;0;0.149510992;0;0.111171514;0;0.300488394;0
29832;2018;0.029554159;0;0.456562652;0;0.468397113;0;0.282683777;0;4.161480454;0;0;0;0.141499792;0;0.095966249;0;0.258454634;0
29832;2019;0.028163256;0;2.181409402;0;0;0;0.26489032;0;9.072012995;0;0.002585056;0;0.133383795;0;0.15106167;0;0.804973451;0
29783;1990;0.046864636;0;0.34219235;0;0.139075723;0;0.147156359;0;0.816507157;0;0.000298234;1;0.068248923;1;0.10074967;1;0.28281568;1
29783;1991;0.007378838;0;0.298458135;0;0.199448946;0;0.085768079;0;0.870146905;0;0.000250651;1;0.057359882;1;0.084675171;1;0.237692749;1
29783;1992;0.010048243;0;0.467713634;0;0.484196151;0;0.098041262;0;0.81143936;0;0.000311252;1;0.071228125;1;1.016125086;0;0.335640075;0
29783;1993;0.003585305;0;0.211829065;0;0.06564925;0;0.155590527;0;0.715279153;0;0.000156522;1;0.052376073;0;0.225382449;0;0.265292562;0
29783;1994;0.013684629;0;0.219668031;0;0.061778322;0;0.055954166;0;0.416200671;0;0.000216833;1;0.049105227;1;0.069943752;1;0.199673437;1
29783;1995;0.001485193;0;0.279770567;0;0.31011584;0;0.076508087;0;0.505120945;0;0.000240729;1;0.063412246;0;0;0;0.265156914;0
29783;1996;0.00119385;0;0.231407486;0;0.110780839;0;0.030643746;0;0.350252912;0;0.000169687;1;0.039111283;0;0;0;0.255369912;0
29783;1997;0.001038163;0;0.26820704;0;0.135019928;0;0.08987224;0;0.496112031;0;0.000223866;1;0.084149245;0;0;0;0.234055915;0
29783;1998;0.001542861;0;0.542600158;0;0.093823028;0;0.062965873;0;0.465807657;0;0.000278338;1;0.053156276;0;0;0;0.191257145;0
29783;1999;0.003128202;0;0.295457978;0;0.172749374;1;0.147610848;0;0.943975266;0;0.000259551;1;0.103271249;0;0.117825148;0;0.270134804;0
29783;2000;0.002939;0;0.304328612;0;0.209058403;1;0.109450062;0;0.743412099;0;0.000314105;1;0.065968071;0;0.06670993;0;0.290472263;0
29783;2001;0.001004375;0;0.163843712;0;0.136796388;1;0.027444971;0;0.264810071;0;0.000205533;1;0.035258231;0;0.029948478;0;0.156012233;0
29783;2002;0.002982997;0;0.205996467;0;0.123047961;1;0.091685532;0;0.690801441;0;0.000184876;1;0.049902515;0;0.028054087;0;0.170067191;0
29783;2003;0.001550959;0;0.167047197;0;0.159014908;1;0.071959045;0;1.047847574;0;0.000238916;1;0.084273544;0;0.029255329;0;0.15009323;0
29783;2004;0.001291155;0;0.252952769;0;0.362778695;0;0.057268886;0;0.400994038;0;0.000287792;1;0.050430828;0;0.041321057;0;0.196338447;0
29783;2005;0.008178821;0;0.407049361;0;0.184520497;0;0.27058492;0;1.849344015;0;0.000257036;1;0.062725146;0;0.055554228;0;0.253950325;0
29783;2006;0.002107021;0;0.279819307;0;0.174265126;0;0.067931471;0;0.574236872;0;0.000261641;1;0.052886063;0;0.047610478;0;0.193479674;0
29783;2007;0.005812554;0;0.431791377;0;0.183686494;0;0.204724659;0;1.252809918;0;0.000295307;1;0.074758002;0;0.072029403;0;0.270248501;0
29783;2008;0.002064258;0;0.288419023;0;0.198829041;0;0.064569988;0;0.611539559;0;0.000293234;1;0.057985154;0;0.06706527;0;0.164533253;0
29783;2009;0.002877262;0;0.278430649;0;0.284800228;0;0.072086315;0;0.584400556;0;0.00024505;1;0.05961047;0;0.070764792;0;0.141835671;0
29783;2010;0.001244963;0;0.250070593;0;0.182943769;0;0.032648634;0;0.571567237;0;0.000199288;1;0.034540871;0;0.055869005;0;0.157524177;0
29783;2011;0.002906867;0;1.568333784;0;0.50442519;0;0.054390225;0;1.282181838;0;0.000330904;1;0.049194597;0;0.042769079;0;0.199851396;0
29783;2012;0.011208795;0;0.536770154;0;1.055204023;0;0.280250622;0;1.78623496;0;0.000333719;1;0.076372071;0;0.094759853;0;0.314235307;0
29783;2013;0.002484345;0;0.32642892;0;0.282867453;0;0.05443153;0;0.700545372;0;0;0;0.059421519;0;0.114459324;0;0.249607665;0
29783;2014;0.002426078;0;0.314607603;0;0.148829317;0;0.045845321;0;0.578734409;0;0;0;0.047877206;0;0.081325781;0;0.195435847;0
29783;2015;0.002837909;0;0.396586613;0;0.024674;0;0.071068189;0;0.8136401;0;0.000312673;0;0.053425388;0;0.036452501;0;0.220251385;0
29783;2016;0.002911115;0;0.267989678;0;0.152459098;0;0.075421916;0;0.578711001;0;0.00030267;0;0.049713066;0;0.0299573;0;0.189997107;0
29783;2017;0.003392789;0;0.403614795;0;0.471918778;0;0.06822391;0;0.687852625;0;0.00017219;0;0.098953884;0;0.037408033;0;0.299906807;0
29783;2018;0.001811372;0;0.260562279;0;0.058908332;0;0.031800527;0;0.452086232;0;0;0;0.041448585;0;0.028449739;0;0.166762298;0
29783;2019;0.002952333;0;0.283647509;0;0.474528961;0;0.074893994;0;0.591453993;0;0.000401749;0;0.062462855;0;0.037549246;0;0.2191752;0
29837;1990;0;0;0.254770185;0;0;0;0;0;1.601412593;0;0.000240472;1;0.090989352;1;0.101561741;1;0.131024667;1
29837;1991;0.009198477;1;0.159374737;1;0.125704018;1;0.075904698;1;0.888514158;1;0.000210602;1;0.079687368;1;0.088946538;1;0.11474981;1
29837;1992;0.012902603;0;0.258052063;0;0;0;0.098919958;0;1.290260316;0;0.000284164;1;0.107521693;1;0.120015036;1;0.154831238;1
29837;1993;0.010434392;0;0.104343924;0;0;0;0.049563364;0;0.860837369;0;0.000172354;1;0.05478056;0;0.560848589;0;0.093909531;0
29837;1994;0.01264809;0;0.1264809;0;0;0;0.060078427;0;1.043467422;0;0.000208919;1;0.06324045;0;0.679834835;0;0.110670787;0
29837;1995;0.013000489;0;0.13000489;0;0;0;0.061752323;0;1.072540345;0;0.00021474;1;0.065002445;0;0.698776285;0;0.113754279;0
29837;1996;0.006183253;0;0.144275901;0;0;0;0.065954698;0;0.721379507;0;0.000136179;1;0.020610843;0;0;0;0.103054215;0
29837;1997;0.00917145;0;0.152857503;0;0;0;0.061143001;0;1.008859521;0;0.00020199;1;0.107000252;0;0;0;0.152857503;0
29837;1998;0.009771161;0;0.162852686;0;0.325705371;0;0.078169289;0;1.074827725;0;0.000215198;1;0.081426343;0;0;0;0.130282148;0
29837;1999;0.005656551;0;0.215656007;0;0.139422032;1;0.084848265;0;0.848482649;0;0.000233585;1;0.05656551;0;0.017676722;0;0.123737053;0
29837;2000;0.005274938;0;0.073849133;0;0.138683819;1;0.042199505;0;0.70332508;0;0.000232348;1;0.119565264;0;0.073849133;0;0.101982137;0
29837;2001;0;0;0.098749611;0;0.097358771;1;0.024687403;0;0.493748055;0;0.000163113;1;0.074062208;0;0;0;0;0
29837;2002;0.004152572;0;0.098623585;0;0.102352127;1;0.057097865;0;0.441210775;0;0.000171479;1;0.070074652;0;0.013495859;0;0;0
29837;2003;0;0;0.102798644;0;0.115829458;1;0.032308145;0;0.276087786;0;0.000194059;1;0.067553395;0;0;0;0;0
29837;2004;0.003522302;0;0.14311107;0;0.179795182;0;0.064834581;0;0.778629336;0;0.00021758;1;0.074722699;0;0.050180036;0;0.129759096;0
29837;2005;0.00493203;0;0.25700163;0;0.355757423;0;0.138198098;0;1.179721802;0;0.000252;1;0.093405411;0;0.041362544;0;0.199260098;0
29837;2006;0.003444406;0;0.168569479;0;0.160868831;0;0.037264484;0;0.529925059;0;0.000203346;1;0.048129286;0;0.016721668;0;0.061712676;0
29837;2007;0.009192254;0;0.193576341;0;0;0;0.122827423;0;1.637565043;0;0.000253522;1;0.08263496;0;0.085434569;0;0.180410551;0
29837;2008;0.007175643;0;0.245566332;0;0.373936655;0;0.081827935;0;1.312658752;0;0.000236458;1;0.058649395;0;0.029579618;0;0.133691392;0
29837;2009;0.005403699;0;0.306835769;0;0.221981026;0;0.067885307;0;1.12039757;0;0.00019284;1;0.067683361;0;0.028102511;0;0.128002396;0
29837;2010;0.004377815;0;0.305205914;0;0;0;0.113245819;0;0.944419552;0;0.000134317;1;0.087996357;0;0.043899179;0;0.108205607;0
29837;2011;0.007955092;0;0.183430094;0;1.393344896;0;0.053378071;0;0.892614746;0;0.000246801;1;0.094664246;0;0.01422828;0;0.154492379;0
29837;2012;0.006602831;0;0.304165215;0;0;0;0.063892691;0;1.394307145;0;0.00024055;1;0.079951772;0;0.012541231;0;0.153159404;0
29837;2013;0.005933211;0;0.230548959;0;0.296081687;0;0.054665264;0;1.150778779;0;0;0;0.063653601;0;0.046262184;0;0.121738463;0
29837;2014;0.009390903;0;0.22014525;0;0.124287428;0;0.130815518;0;1.029320877;0;0;0;0.117541189;0;0.111762628;0;0.163738757;0
29837;2015;0.008120419;0;0.220554388;0;0;0;0.072451584;0;1.177680001;0;0;0;0.098720426;0;0.023086152;0;0.174503089;0
29837;2016;0.005128381;0;0.131952045;0;0.189549457;0;0.057725169;0;0.70524595;0;0;0;0.061800065;0;0.016193933;0;0.119946926;0
29837;2017;0.00598998;0;0.234137717;0;0.326931241;0;0.073592265;0;1.02640975;0;0;0;0.095015084;0;0.025334877;0;0.155864874;0
29837;2018;0.004489897;0;0.12581586;0;0;0;0.040807131;0;0.662931479;0;0.000609745;0;0.052974482;0;0.05118276;0;0.110148638;0
29837;2019;0.003040745;0;0.10676709;0;0;0;0.023675437;0;0.727576416;0;0;0;0.082708047;0;0.012228045;0;0.094040481;0
29842;1990;0;0;0.760051379;0;0;0;0;0;2.605890443;0;0.001194366;1;0.035016653;1;0.159746513;1;0.120522433;1
29842;1991;0;0;0.388156047;0;0;0;0.232893628;0;1.552624189;0;0.000853943;1;0.025036065;1;0.114214917;1;0.086170642;1
29842;1992;0;0;0.394348422;0;0;0;0.088728395;0;1.675980794;0;0.001084458;1;0.031794342;1;0.145046279;1;0.109431687;1
29842;1993;0.01520243;0;0.076012148;0;0;0;0.083613363;0;0.76012148;0;0.000836134;1;0.022803644;0;0.919746991;0;0.060809718;0
29842;1994;0.01632515;0;0.081625751;0;0;0;0.089788327;0;0.816257514;0;0.000897883;1;0.024487725;0;0.979509017;0;0.081625751;0
29842;1995;0.017445835;0;0.087229177;0;0;0;0.095952095;0;0.872291775;0;0.000959521;1;0.026168753;0;1.04675013;0;0.087229177;0
29842;1996;0;0;0.21118486;0;0.791943225;0;0.121431294;0;1.26710916;0;0.000580758;1;0;0;0;0;0;0
29842;1997;0;0;0.348801679;0;1.308006296;0;0.191840923;0;2.267210913;0;0.000959205;1;0;0;0;0;0;0
29842;1998;0;0;0.08297874;0;0.829787399;0;0;0;2.572340937;0;0.000912766;1;0;0;0;0;0;0
29842;1999;0.003633623;0;0.472371038;0;0.605603894;1;0.063588409;0;0.299773928;0;0.000999246;1;0.036336234;0;0.090840584;0;0.045420292;0
29842;2000;0.004587814;0;1.835125408;0;0.611708469;1;0.119283152;0;2.385663031;0;0.001009319;1;0.137634406;0;0.357849455;0;1.174480261;0
29842;2001;0;0;0.149143487;0;0.397715966;1;0.025056106;0;0.894860923;0;0.000656231;1;0.043549898;0;0;0;0.059657395;0
29842;2002;0;0;0.112972317;0;0.443028693;1;0.073099734;0;0.398725824;0;0.000730997;1;0;0;0;0;0;0
29842;2003;0;0;0.123696149;0;0.485082936;1;0.041474591;0;0.41474591;0;0.000800387;1;0;0;0;0;0;0
29842;2004;0.004455136;0;0.182615718;0;0.744887875;0;0.061749071;0;1.059951714;0;0.00087978;1;0.020597483;0;0.035227008;0;0.095372697;0
29842;2005;0.006354193;0;0.219293667;0;1.629999604;0;0.092714721;0;1.263967021;0;0.001118162;1;0.024884947;0;0;0;0.136758493;0
29842;2006;0.004317279;0;0.175330666;0;0.339857237;0;0.051717203;0;0.972265558;0;0.000801204;1;0.060340315;0;0.050048758;0;0.076927039;0
29842;2007;0.007128727;0;0.253520139;0;0.416933626;0;0.089367185;0;2.018151397;0;0.0010462;1;0;0;0.034897189;0;0.115659428;0
29842;2008;0.007206232;0;0.57133742;0;1.199515763;0;0.077935149;0;1.59024146;0;0.000933003;1;0;0;0;0;0.138867219;0
29842;2009;0.001230434;0;0.140300683;0;1.656877183;0;0.049824904;0;0.962169786;0;0.000802504;1;0.040125937;0;0.041595195;0;0.072954935;0
29842;2010;0.001243106;0;0.112806548;0;0;0;0.030209228;0;0.40905274;0;0.000580634;1;0.009923856;0;0.016013647;0;0.051384584;0
29842;2011;0.004644244;0;0.22224986;0;0.995084505;0;0.090565483;0;1.165613566;0;0.001118454;1;0;0;0.0735855;0;0.060435304;0
29842;2012;0.005659291;0;0.208730356;0;0.401516847;0;0.063587266;0;1.210388355;0;0.000939229;1;0.015938837;0;0.032680965;0;0.08920188;0
29842;2013;0.00371412;0;0.224040046;0;0.32547309;0;0.061276667;0;1.051172265;0;0;0;0;0;0.081704502;0;0.067190266;0
29842;2014;0.005274511;0;0.208119364;0;0.611723006;0;0.035050052;0;0.714851408;0;0;0;0;0;0.091866434;0;0.119758722;0
29842;2015;0.006340073;0;0.226615042;0;0;0;0.145948772;0;1.750843183;0;0.003147519;0;0.042798566;0;0.06734232;0;0.135429394;0
29842;2016;0.004176651;0;0.152884865;0;0.295236814;0;0.049559746;0;1.285085946;0;0;0;0.025109336;0;0.030279991;0;0.102138847;0
29842;2017;0.004607754;0;0.210144733;0;1.083253297;0;0.105661001;0;0.980166335;0;0;0;0.036681246;0;0.054444372;0;0.103031685;0
29842;2018;0.003728896;0;0.174646909;0;0;0;0.055312351;0;0.728117293;0;0;0;0.035376609;0;0.037254429;0;0.080759993;0
29842;2019;0.002895439;0;0.169091698;0;0.304136636;0;0.061329552;0;0.697431602;0;0;0;0.033918733;0;0.047964604;0;0.07648818;0
29844;1990;0;0;2.733429712;0;0;0;0;0;13.66714856;0;0;1;0.365156923;1;1.097311964;1;2.118408027;1
29844;1991;0.120447649;0;5.540591846;0;7.22685893;0;1.927162381;0;10.3584978;0;0;1;0.321810307;1;0.967053555;1;1.866938557;1
29844;1992;0.062866891;0;2.514675623;0;6.286689058;0;0.440068234;0;3.772013435;0;0;1;0.41991715;1;3.614846208;0;3.489112427;0
29844;1993;0.015252848;1;2.552524066;1;2.273387615;1;0.235740999;1;3.001674361;1;0;1;0.392167759;1;1.152760909;1;2.275107706;1
29844;1994;0.024199314;0;2.419931354;0;7.259794062;0;0.701780093;0;6.533814656;0;0;1;0.387189017;0;0.483986271;0;1.403560185;0
29844;1995;0;0;2.444199687;0;12.22099843;0;0.15276248;0;2.138674726;0;0;1;0.672154914;0;0;0;3.360774569;0
29844;1996;0;0;1.816423027;0;9.082115136;0;0.113526439;0;1.589370149;0;0;1;0.499516332;0;0;0;2.497581662;0
29844;1997;0;0;3.135874502;0;15.67937251;0;0.195992156;0;2.74389019;0;0;1;0.862365488;0;0;0;4.311827441;0
29844;1998;0;0;2.425419044;0;0;0;0.181906428;0;1.819064283;0;0;1;0.363812857;0;0;0;2.425419044;0
29844;1999;0.033397122;0;4.033344727;0;1.598104468;1;0.385351407;0;3.468162663;0;0;1;0.333971219;0;1.567095722;0;7.244606452;0
29844;2000;0.006052574;0;2.299978303;0;1.805724125;1;0.12105149;0;3.90391054;0;0;1;0.060525745;0;0.998674789;0;2.057875324;0
29844;2001;0;0;2.084976347;0;1.488905228;1;0;0;2.371660595;0;0;1;0.258015823;0;0;0;2.032851938;0
29844;2002;0.025796383;0;3.353529768;0;1.408220508;1;0.36114936;0;3.869457425;0;0;1;0.247645275;0;0.36114936;0;1.857339564;0
29844;2003;0;0;1.947816417;0;1.251671188;1;0.100997888;0;1.539015441;0;0;1;0.504989442;0;0.529036558;0;1.539015441;0
29844;2004;0.012614923;0;3.047687492;0;0;0;0.450221556;0;7.218888516;0;0;1;0.38011184;0;1.254913142;0;2.988929901;0
29844;2005;0.011686398;0;2.755301151;0;0;0;0.120916845;0;4.303405472;0;0;1;0.253380977;0;0.50145685;0;2.222458973;0
29844;2006;0.004154818;0;3.114381107;0;0;0;0.202454586;0;4.922148272;0;0;1;0.267765281;0;1.011886744;0;2.212870047;0
29844;2007;0;0;3.971869789;0;0;0;0.331673659;0;5.026587339;0;0;1;0.281009667;0;0.849663842;0;2.474781502;0
29844;2008;0.004793701;0;7.085693491;0;1.092540739;0;0.106483325;0;2.662439553;0;0;1;0.172146778;0;0.452725884;0;1.699173338;0
29844;2009;0.00808197;0;3.740619888;0;2.992838205;0;0.077240534;0;2.472497891;0;0;1;0.269209855;0;0.347494111;0;1.885315973;0
29844;2010;0;0;2.342825701;0;1.070527465;0;0.097947946;0;2.401082863;0;0;1;0.221875704;0;0.779455318;0;1.912960956;0
29844;2011;0.033047011;0;3.819960714;0;2.237785414;0;0.251325089;0;4.682995158;0;0;1;0.341854963;0;0.954724503;0;2.940841701;0
29844;2012;0.0126402;0;2.663139876;0;1.299920724;0;0.230954764;0;3.676413334;0;0;1;0.240893303;0;1.116473009;0;2.668943857;0
29844;2013;0;0;4.617629554;0;0;0;0.80868166;0;26.42566179;0;0;0;0.225839482;0;1.521632921;0;2.739508933;0
29844;2014;0.022898084;0;2.279643107;0;0.785742132;0;0.053849141;0;3.969219866;0;0;0;0.124054483;0;0.18810229;0;1.329070396;0
29844;2015;0.007380592;0;2.097904707;0;0;0;0.259512076;0;1.760365059;0;0;0;0.233746615;0;0.471957913;0;1.815948396;0
29844;2016;0.004251165;0;1.686145767;0;1.82988208;0;0.063779051;0;1.227215874;0;0;0;0.184686546;0;0.497475613;0;1.701918569;0
29844;2017;0.00859836;0;2.029033717;0;1.451244203;0;0.079186276;0;1.938675964;0;0;0;0.275314438;0;0.532623046;0;3.154215502;0
29844;2018;0;0;1.479553581;0;0;0;0.058073629;0;1.112041461;0;0;0;0.202294035;0;0.422560272;0;1.566387688;0
29844;2019;0.004629678;0;1.990666415;0;0;0;0.125055112;0;2.297894103;0;0;0;0.270052005;0;0.836686464;0;2.113333895;0
29778;1990;0.141484471;0;29.10765477;0;2.044762959;0;0.736529728;0;53.90966399;0;0.002868856;1;0.312907357;1;1.081978639;1;2.329418429;1
29778;1991;0.094772314;0;21.62430131;0;2.528192629;0;0.394040235;0;45.04175205;0;0.002317695;1;0.252792053;1;0.874110482;1;1.881893961;1
29778;1992;0.124336086;0;24.28253012;0;3.913051266;0;0.292150166;0;44.97205587;0;0.002921514;1;0.318650862;1;3.750904114;0;3.231953021;0
29778;1993;0.157498135;0;18.36228312;0;1.297728309;0;0.121715633;0;53.33856286;0;0.002889217;1;1.824873448;0;1.117385932;0;2.404096869;0
29778;1994;0.108126267;0;11.39238009;0;1.040353535;0;0.283537437;0;38.13587817;0;0.00184621;1;0.198841641;1;0.669412289;1;1.45699714;1
29778;1995;0.133025485;0;18.6247419;0;3.65137789;0;0.102859333;0;53.00707424;0;0.002870088;1;0.709202896;0;0.406901839;0;3.060676284;0
29778;1996;0.068305339;0;10.65584472;0;2.146521055;0;0.08324624;0;31.41068015;0;0.002045158;1;0.248976971;0;3.273572091;0;2.320000144;0
29778;1997;0.180529595;0;27.88320669;0;2.766335237;0;0.368574396;0;67.0779717;0;0.00363411;1;0.295551977;0;0.81420934;0;2.993543382;0
29778;1998;0.114682266;0;13.12964935;0;2.125966823;0;0.164499841;0;34.07897154;0;0.002790734;1;0.191863748;0;0.189873864;0;1.989724428;0
29778;1999;0.083431111;0;14.12089887;0;1.244961941;1;0.111337808;0;48.34941886;0;0.002047281;1;0.245599796;0;0.949888667;0;1.762697833;0
29778;2000;0.11925577;0;19.67251817;0;1.799616887;1;0.453449244;0;45.62060703;0;0.002959385;1;0.407798235;0;1.781963929;0;3.581626645;0
29778;2001;0.083551766;0;9.662984236;0;1.363794352;1;0.053981728;0;27.92544374;0;0.002242696;1;0.205597647;0;0.435794604;0;1.494637013;0
29778;2002;0.102049021;0;16.09241668;0;1.579140772;1;0.202019207;0;42.33362686;0;0.002596823;1;0.189685545;0;0.418803878;0;2.06982501;0
29778;2003;0.084425639;0;12.42969452;0;1.472023306;1;0.074941831;0;38.55354841;0;0.002420673;1;0.186496025;0;0.371361426;0;1.440283314;0
29778;2004;0.10259136;0;20.28158567;0;3.388739896;0;0.338854208;0;41.26055219;0;0.003016228;1;0.309303437;0;0.992428632;0;2.210406006;0
29778;2005;0.130218092;0;23.27956441;0;4.614364451;0;0.40624818;0;48.21579362;0;0.003558784;1;0.507939876;0;1.778809714;0;3.182833036;0
29778;2006;0.061200365;0;10.66410205;0;1.88176123;0;0.141052891;0;23.38018279;0;0.002350189;1;0.222612378;0;0.756292807;0;1.79111617;0
29778;2007;0.135651;0;20.09889191;0;1.911289999;0;0.138408642;0;46.74712834;0;0.003316218;1;0.236210885;0;0.581949971;0;1.699419976;0
29778;2008;0.085262713;0;14.09623684;0;0.712590903;0;0.110197226;0;28.74893378;0;0.002581467;1;0.263414021;0;0.86258334;0;1.384266014;0
29778;2009;0.09442042;0;15.41547315;0;4.244662574;0;0.061195474;0;32.85651433;0;0.002639774;1;0.245515089;0;0.72266741;0;1.499014623;0
29778;2010;0.078087919;0;12.31521356;0;0.448938952;0;0.116326097;0;28.96760935;0;0.002339965;1;0.293630239;0;0.669954773;0;1.555248648;0
29778;2011;0.088657599;0;15.24731402;0;5.101787612;0;0.170783607;0;29.04114776;0;0.003232183;1;0.38418769;0;1.304128117;0;2.447165767;0
29778;2012;0.095536872;0;14.61971896;0;1.76159156;0;0.071500433;0;31.18279568;0;0.003793828;1;0.255148411;0;0.712375245;0;2.160400703;0
29778;2013;0.059145292;0;7.399261484;0;0.376107872;0;0.091473772;0;19.38534619;0;0;0;0.159395656;0;0.985466623;0;1.799527781;0
29778;2014;0.04705868;0;5.734343134;0;0.621152466;0;0.036643429;0;16.12441695;0;0;0;0.13369857;0;0.41306599;0;0.910062161;0
29778;2015;0.059546491;0;7.04885915;0;1.54264406;0;0.080123213;0;20.04723029;0;0;0;0.200500428;0;0.477009285;0;1.390218508;0
29778;2016;0.053198885;0;7.663845068;0;0.867702161;0;0.402887772;0;16.30948721;0;0.002310788;0;0.356892493;0;2.010721556;0;2.622357645;0
29778;2017;0.066654771;0;11.6487518;0;0;0;0.036307004;0;20.41222905;0;0;0;0.19409286;0;0.403514705;0;1.579377237;0
29778;2018;0.074240522;0;9.769154318;0;0;0;0.053870742;0;22.6892168;0;0;0;0.211229344;0;0.444951377;0;1.609430528;0
29778;2019;0.085111661;0;12.01043554;0;2.459939497;0;0.043684035;0;25.34657102;0;0;0;0.245299346;0;0.467886873;0;1.655134052;0
29613;1990;1.343995631;0;45.52343772;0;15.48850178;0;5.892666172;0;125.5233912;0;0.016541398;1;1.199311434;1;2.271278984;1;3.536501818;1
29613;1991;0.11066214;0;8.95201821;0;26.32922425;0;1.706847525;0;47.52516895;0;0.010485467;1;1.012867962;0;0;0;2.241761882;1
29613;1992;0.217502953;0;4.719259791;0;22.89807441;0;2.470294728;0;48.08247031;0;0.011261203;1;0.817446046;0;4.057411467;0;1.56783391;0
29613;1993;0.302931688;0;3.513755012;0;13.79401618;0;0.590900173;0;23.86685482;0;0.01277046;1;1.065566404;0;2.04482364;0;4.051336498;0
29613;1994;0.373677348;0;5.249282342;0;6.466288069;0;1.500689597;0;22.3027025;0;0.014085358;1;0.997144479;1;1.75994931;1;2.893750867;1
29613;1995;0.190858148;0;15.48308957;0;13.09534537;0;0.869996977;0;35.75687557;0;0.015468536;1;0;0;0;0;2.233649563;0
29613;1996;0.291726823;0;11.55864878;0;6.196949925;0;0.670924519;0;19.76795266;0;0.009485057;1;0;0;0;0;2.433783709;0
29613;1997;0.117826253;0;8.220589758;0;2.492192998;0;0.537339023;0;19.29171424;0;0.011436721;1;0.535089897;0;0;0;2.184825942;0
29613;1998;0.187943908;0;6.492182367;0;8.365250228;0;1.395643389;0;24.83968514;0;0.015754843;1;1.892830759;0;0;0;2.647958165;0
29613;1999;0.115130522;0;5.131404003;0;10.54423281;1;0.600365583;0;26.30341226;0;0.015179831;1;1.178321556;0;0.997602521;0;2.941136673;0
29613;2000;0.20398051;0;8.88722202;0;14.10882346;1;2.100585405;0;60.19563093;0;0.020837167;1;1.596746262;0;1.862146691;0;3.496309262;0
29613;2001;0.160429767;0;5.949104713;0;11.15937098;1;0.470140334;0;28.66307474;0;0.01691899;1;1.022023092;0;0.921662407;0;2.736663775;0
29613;2002;0.220354609;0;6.870352665;0;9.155514518;1;0.447147701;0;20.02244307;0;0.014259718;1;0.819095714;0;0.582333507;0;2.565631396;0
29613;2003;0.1070387;0;3.725403588;0;7.682516114;1;0.579040434;0;17.55463096;0;0.012301235;1;0.658378629;0;0.628083693;0;2.143315719;0
29613;2004;0.114395507;0;6.534861016;0;10.23550784;0;2.622250045;0;24.08695572;0;0.01377261;1;1.073277156;0;0.625443211;0;2.436619322;0
29613;2005;0.084312331;0;4.238901738;0;4.281210526;0;0.659614448;0;21.56208531;0;0.014232614;1;0.963463166;0;0.718135368;0;2.013958467;0
29613;2006;0.094857805;0;4.64579992;0;10.286158;0;0.595859575;0;24.39391028;0;0.015477702;1;0.880612294;0;1.204101864;0;2.41460669;0
29613;2007;0.099379925;0;6.483363444;0;2.19310667;0;0.723667245;0;25.14411405;0;0.01526821;1;1.090206644;0;0.619681314;0;2.140251042;0
29613;2008;0.106832114;0;4.530166921;0;2.885839448;0;0.732101464;0;25.6125716;0;0.017909462;1;1.183591484;0;1.185779029;0;2.404446169;0
29613;2009;0.110033379;0;4.789038637;0;12.92701561;0;0.86043202;0;22.01874429;0;0.014537682;1;0.904716503;0;0.66178471;0;2.534496632;0
29613;2010;0.083053775;0;4.635178469;0;6.684436099;0;0.552561536;0;18.27100038;0;0.013914804;1;1.115632645;0;1.936315206;0;1.877592917;0
29613;2011;0.122056527;0;5.122070999;0;9.073255083;0;1.211960401;0;24.64186087;0;0.016175973;1;1.243462685;0;3.348684473;0;2.339750028;0
29613;2012;0.111861674;0;5.486109589;0;7.64084254;0;3.994000692;0;26.55579497;0;0.015199239;1;0.843576769;0;0.589736959;0;1.94806138;0
29613;2013;0.086189971;0;4.242510031;0;10.22911386;0;1.015452615;0;22.65448724;0;0;0;0.948030534;0;2.204002628;0;2.037289256;0
29613;2014;0.136128812;0;6.528069714;0;7.183414671;0;0.844687576;0;24.46271365;0;0;0;1.008947474;0;1.445397832;0;2.762986632;0
29613;2015;0.098259823;0;4.699312582;0;10.55901665;0;0.933381309;0;32.45389204;0;0.004396354;0;1.222709886;0;0.848038755;0;2.023763326;0
29613;2016;0.083091161;0;3.726588663;0;2.945758255;0;0.878967628;0;30.33830379;0;0.014897138;0;0.90949933;0;0.55099748;0;1.755556523;0
29613;2017;0.086553331;0;3.975135477;0;0;0;0.686840294;0;17.74371454;0;0;0;1.046725537;0;0.720726335;0;1.78012607;0
29613;2018;0.067762079;0;4.242562175;0;0;0;0.604826848;0;22.54171589;0;0;0;0.867403543;0;0.589738589;0;1.576029895;0
29613;2019;0.068817537;0;4.117337899;0;14.60965137;0;0.358033104;0;15.67314715;0;0;0;0.746453785;0;0.566905137;0;2.037567849;0
29848;1990;0;0;2.594969818;0;0;0;0;0;7.784909453;0;0.00733079;1;0.109637475;1;0.458660915;1;0.986088531;1
29848;1991;0.05007622;0;3.755716508;0;0;0;1.001524402;0;4.006097609;0;0.007073266;1;0.105786015;1;0.442548595;1;0.951448182;1
29848;1992;0.031366494;0;1.254659771;0;0;0;0.407764426;0;1.881989656;0;0.008861035;1;0.132523438;1;0;0;1.631057702;0
29848;1993;0.023099541;1;1.582436679;1;1.159559737;1;0.16661424;1;1.913273566;1;0.00900833;1;0.134726347;1;0.563618505;1;1.211739925;1
29848;1994;0.021424009;0;1.071200468;0;0;0;0.407056178;0;1.499680655;0;0.006052283;1;0.149968065;0;2.035280888;0;0.042848019;0
29848;1995;0;0;1.108614118;0;5.543070591;0;0.166292118;0;1.385767648;0;0.007829587;1;0;0;0;0;0;0
29848;1996;0.016668558;1;1.323676189;1;0.969948203;1;0.139369432;1;1.600414536;1;0.007535285;1;0.112695857;1;0.471455449;1;1.013595873;1
29848;1997;0.018300069;1;1.534680581;1;1.124565573;1;0.161586016;1;1.855533196;1;0.008736469;1;0.130660463;1;0.546609154;1;1.175171024;1
29848;1998;0.023767956;0;4.991270845;0;0;0;0.451591172;0;21.39116076;0;0.006714448;1;1.045790082;0;125.2571302;0;54.90397929;0
29848;1999;0;0;1.680232474;0;0.836977571;1;0.092067533;0;0;0;0.00650227;1;0.06905065;0;1.21989481;0;1.173861044;0
29848;2000;0.007114268;0;1.458424845;0;1.293503189;1;0.106714013;0;0;0;0.010048903;1;0.035571338;0;0;0;1.38728217;0
29848;2001;0;0;0.763936438;0;0.817044319;1;0;0;0;0;0.006347413;1;0;0;0;0;0;0
29848;2002;0.032232471;0;1.074415713;0;0.976741558;1;0.510347464;0;0;0;0.007588061;1;0;0;0.209511064;0;1.396740428;0
29848;2003;0;0;0.962215264;0;0.999704171;1;0.057732916;0;1.649511881;0;0.007766452;1;0;0;0.189693866;0;0.687296617;0
29848;2004;0.036569183;0;1.155753923;0;3.18215754;0;0.050368257;0;0.852697246;0;0.007982128;1;0.07124867;0;0.225833021;0;0.586578702;0
29848;2005;0;0;1.207482678;0;1.288907178;0;0.032063201;0;0.790606115;0;0.008266912;1;0.173647669;0;0.203200321;0;1.480930516;0
29848;2006;0.006285968;0;2.03853649;0;2.706535956;0;0.349340449;0;3.102991906;0;0.006889711;1;0.142499859;0;0.842225406;0;1.387420049;0
29848;2007;0;0;1.324941431;0;0;0;0.032621034;0;19.88931613;0;0.008692827;1;0.050211549;0;1.645473513;0;1.28218591;0
29848;2008;0.003799063;0;1.404095036;0;0;0;0.193607313;0;3.016528534;0;0.005928929;1;0.113540145;0;0.789380828;0;0.705245567;0
29848;2009;0.015855096;0;1.726701208;0;2.280039079;0;0.11916505;0;2.462656041;0;0.007511519;1;0.178454818;0;0.501021283;0;0.566579874;0
29848;2010;0.037784517;0;6.508027837;0;1.099723316;0;0.735909984;0;6.333234652;0;0.007936508;1;0.22779717;0;0.847440091;0;2.495654283;0
29848;2011;0.012568119;0;6.930308054;0;0;0;2.168996537;0;16.47044583;0;0.00796357;1;0.549898148;0;7.411989317;0;6.292825779;0
29848;2012;0.00729391;0;1.084788154;0;0;0;0.07644053;0;0.959525399;0;0.006996602;1;0.10829125;0;0.402953064;0;0.649686844;0
29848;2013;0;0;2.346741416;0;3.81377106;0;0.255055424;0;2.772351771;0;0;0;0.107420834;0;1.084460494;0;1.393048101;0
29848;2014;0;0;1.354546853;0;0;0;0.074375809;0;0.445386271;0;0;0;0.082627376;0;0.336978712;0;0.645285513;0
29848;2015;0.006080656;0;1.66278083;0;0;0;0.127530137;0;3.278864286;0;0.0021328;0;0.129934048;0;0.574410615;0;1.260586595;0
29848;2016;0.007307998;0;1.706741842;0;0.862266931;0;0.15139467;0;1.312395137;0;0.002124765;0;0.120621076;0;0.54010177;0;1.399871658;0
29848;2017;0.004110734;0;1.492111897;0;0;0;0.086892157;0;0.928071361;0;0;0;0.142028919;0;0.37199174;0;1.289582605;0
29848;2018;0.008891168;0;1.865412227;0;0.847650171;0;0.209912505;0;1.708707519;0;0;0;0.123350876;0;0.548954671;0;1.308846456;0
29848;2019;0;1;1.535688061;1;1.125303823;1;0.161692093;1;1.856751308;1;0;1;0.130746238;1;0.546967989;1;1.175942495;1
29614;1990;0;0;9.439673029;0;3.934953079;0;2.559051658;0;48.87746919;0;0.017615418;1;0.792139866;1;1.967174708;1;5.121357708;1
29614;1991;0.17219622;0;4.496821291;0;0;0;1.539439639;0;33.17763935;0;0.01123234;1;0.89306019;0;1.405528255;0;3.265595709;1
29614;1992;0.139181067;0;1.917984435;0;4.721613432;0;0.959142971;0;17.0667008;0;0.012312516;1;0.711474994;0;4.396437026;0;5.57951316;0
29614;1993;0.107945194;0;1.920549118;0;3.887946743;0;1.482359319;0;24.9737536;0;0.012443204;1;0.556921074;0;2.035431793;0;2.559130453;0
29614;1994;0.221542268;0;2.499715945;0;3.382827745;0;2.313008941;0;25.78902493;0;0.013313177;1;0.598674326;1;1.322310028;1;3.687234513;1
29614;1995;0.132530876;0;3.389440992;0;11.56384092;0;2.124653249;0;29.35625053;0;0.012778545;1;0;0;0;0;4.586851784;0
29614;1996;0.092435131;0;1.664750246;0;4.937332992;0;1.284808508;0;14.7445709;0;0.008695373;1;0.328127265;0;0;0;2.966310556;0
29614;1997;0.136681634;0;2.030824699;0;2.87692152;0;1.20199806;0;19.47033429;0;0.010578911;1;0.729076319;0;0;0;3.170060593;0
29614;1998;0.123924058;0;1.987521216;0;3.641038224;0;1.354663074;0;16.89777168;0;0.011767199;1;0.666067878;0;0;0;4.151008957;0
29614;1999;0.144154086;0;3.272461831;0;4.026994044;1;1.573961532;0;22.74184939;0;0.013874707;1;1.405321655;0;1.001611744;0;3.879567884;0
29614;2000;0.180470141;0;4.156349021;0;5.405756631;1;3.701594124;0;32.82130742;0;0.018625131;1;0.835672669;0;3.856149087;0;5.860954927;0
29614;2001;0.096663338;0;1.740842705;0;3.794261303;1;1.291353287;0;18.2099281;0;0.013072844;1;0.532571581;0;0.427923934;0;2.503392663;0
29614;2002;0.086128692;0;1.573978556;0;3.156785329;1;0.899897424;0;13.43617412;0;0.010876468;1;0.449065586;0;0.344235687;0;1.935437056;0
29614;2003;0.075810782;0;1.815130861;0;2.860914833;1;0.815044003;0;12.89837825;0;0.009857069;1;0.403792188;0;0.265035123;0;2.3734276;0
29614;2004;0.1053804;0;4.731651173;0;19.52594031;0;1.233245828;0;20.74373253;0;0.011338079;1;0.568127852;0;0.513828763;0;3.33847802;0
29614;2005;0.096507379;0;2.986855965;0;2.003679447;0;1.242521196;0;18.60008796;0;0.011398038;1;0.908138245;0;0.284726864;0;2.386335549;0
29614;2006;0.113789542;0;4.074294884;0;2.905002892;0;1.587658516;0;22.57119416;0;0.012268942;1;0.712489612;0;0.502004147;0;3.573142479;0
29614;2007;0.092605728;0;5.933539711;0;0.828167984;0;1.493043038;0;19.30019205;0;0.012360949;1;0.537897989;0;0.468018955;0;2.274857846;0
29614;2008;0.109062284;0;9.69758473;0;10.63373036;0;1.887100629;0;30.27492946;0;0.015691303;1;0.836447658;0;1.430913728;0;3.297960335;0
29614;2009;0.109320446;0;6.848814734;0;6.29106427;0;1.329966694;0;19.27808703;0;0.012579794;1;0.667664809;0;0.514975339;0;2.231948612;0
29614;2010;0.055525772;0;2.866049619;0;1.849010055;0;0.810363625;0;12.4639162;0;0.009387667;1;0.452444272;0;0.576098869;0;1.622973327;0
29614;2011;0.107276347;0;5.549846025;0;7.072203479;0;1.436697291;0;17.68387236;0;0.01237971;1;0.57305844;0;0.503315866;0;2.881739143;0
29614;2012;0.081756323;0;3.580558797;0;2.703006569;0;0.984417797;0;17.52493367;0;0.012861246;1;0.459592959;0;0.592666746;0;2.720392999;0
29614;2013;0.064973665;0;2.42773881;0;2.789523615;0;0.944722753;0;14.26440753;0;0;0;0.495068358;0;0.696489775;0;2.105840522;0
29614;2014;0.133827542;0;5.129372723;0;3.125782563;0;3.351802348;0;25.32303193;0;0.047452305;0;1.016322709;0;1.315081276;0;2.954128442;0
29614;2015;0.099587852;0;2.802545527;0;7.610471729;0;1.661482264;0;18.50150508;0;0.017285658;0;0.711896725;0;0.518189018;0;2.482215082;0
29614;2016;0.083449493;0;2.216532002;0;12.64692932;0;1.098061687;0;14.54722315;0;0.010145687;0;0.538099591;0;0.367308959;0;2.078401425;0
29614;2017;0.06972338;0;2.551983135;0;6.187246157;0;1.553756344;0;15.78091681;0;0.010239833;0;0.698095499;0;0.479096922;0;2.330736154;0
29614;2018;0.056687324;0;1.673018468;0;0;0;0.894335824;0;10.55433184;0;0.003337737;0;0.487600162;0;0.321724548;0;1.991937069;0
29614;2019;0.117800726;0;2.471412191;0;5.372512299;0;1.124381117;0;12.32191994;0;0.022113831;0;0.662560326;0;0.402762731;0;2.154589506;0
29615;1990;0.228424812;0;6.19119763;0;2.654357207;0;2.245350441;0;23.76141473;0;0.020683548;1;0.666367278;1;1.299183464;1;1.848391747;1
29615;1991;0.10041684;0;5.235714186;0;3.963130425;0;2.361637344;0;29.03457263;0;0.016116722;1;0.519236648;1;1.01233012;1;1.440275905;1
29615;1992;0.627962506;0;9.217832801;0;10.25020123;0;2.48323591;0;20.50908829;0;0.01606556;1;0.517588352;1;2.777595659;0;1.003670453;0
29615;1993;0.234133497;0;38.85352602;0;6.58255949;0;4.769157385;0;147.4320824;0;0.020169221;1;0.719118646;0;2.139408459;0;2.293063844;0
29615;1994;0.177070725;0;3.98229478;0;17.0022372;0;2.132331034;0;23.10110662;0;0.022122802;1;0.712736112;1;1.316502526;1;1.928727268;1
29615;1995;0.418044754;0;5.224206115;0;14.03950394;0;1.997947039;0;23.45786872;0;0.022117216;1;1.184850882;0;0;0;1.591351989;0
29615;1996;0.060654605;0;2.981972246;0;5.680663426;0;0.722549669;0;11.04579786;0;0.014584724;1;0;0;0;0;1.451668853;0
29615;1997;0.050952847;0;5.275883239;0;7.006120762;0;1.133576058;0;15.41640362;0;0.015647501;1;0.310555022;0;0.727468682;0;1.542364092;0
29615;1998;0.147875831;0;7.417695323;0;9.390698621;0;2.307541248;0;36.93473706;0;0.021269987;1;0.531749679;0;0;0;1.56743233;0
29615;1999;0.069576117;0;4.28635456;0;6.295732124;1;1.797449229;0;21.37034067;0;0.021895542;1;0.804637489;0;1.059403505;0;2.185207827;0
29615;2000;0.20099089;0;8.908483219;0;8.555608121;1;8.229030606;0;50.89514529;0;0.029755026;1;1.869014856;0;2.638161231;0;4.213020168;0
29615;2001;0.074491176;0;3.933273883;0;7.040296139;1;1.212673852;0;19.71406415;0;0.024485016;1;0.766491685;0;0.980308632;0;2.057121931;0
29615;2002;0.04150769;0;2.487427459;0;5.241286645;1;0.544941961;0;8.962388872;0;0.01822835;1;0.476365559;0;0.453375993;0;1.277031827;0
29615;2003;0.055415419;0;2.671608324;0;5.027271052;1;0.915934439;0;13.92762841;0;0.017484039;1;0.518215138;0;0.669786511;0;1.342777178;0
29615;2004;0.066204295;0;3.522697103;0;5.337034837;0;1.232971122;0;18.87731579;0;0.019822705;1;0.784704479;0;0.712884951;0;1.595612947;0
29615;2005;0.057311067;0;2.110266183;0;3.035928245;0;0.765175101;0;16.77547876;0;0.017814604;1;0.634843299;0;0.565926009;0;1.02677481;0
29615;2006;0.072009244;0;4.017912901;0;8.705445047;0;1.210198431;0;18.28553901;0;0.021972782;1;0.74842396;0;0.907004995;0;1.667873877;0
29615;2007;0.158681016;0;13.35870757;0;0.762036055;0;10.79722235;0;42.38309589;0;0.024838733;1;2.125760613;0;3.180087771;0;4.48125329;0
29615;2008;0.067630173;0;5.522807059;0;1.45043508;0;1.437798977;0;18.83467144;0;0.024065407;1;0.683530941;0;0.797657829;0;1.541880862;0
29615;2009;0.084271527;0;4.641164435;0;3.643054195;0;1.604888326;0;21.68102102;0;0.021912749;1;0.866211288;0;0.967566908;0;1.846525598;0
29615;2010;0.050376996;0;2.835041873;0;3.657795874;0;0.981848192;0;13.58010052;0;0.020330801;1;0.745756203;0;0.639634478;0;1.386549483;0
29615;2011;0.098432013;0;5.288439057;0;8.1922537;0;1.827763055;0;25.88802584;0;0.024686501;1;1.00078644;0;1.255940059;0;2.23716003;0
29615;2012;0.072732703;0;3.076352599;0;4.269956486;0;1.287497072;0;16.48101375;0;0.024790743;1;0.817540845;0;0.736916046;0;1.616103804;0
29615;2013;0.070611962;0;3.714757584;0;12.41877911;0;1.350305103;0;19.12798172;0;0;0;0.753605798;0;2.497874689;0;2.455550767;0
29615;2014;0.07825915;0;3.825649052;0;5.667896028;0;1.457585529;0;20.51798883;0;0;0;0.771093237;0;1.233330291;0;1.71299264;0
29615;2015;0.061312822;0;3.33199641;0;6.887686768;0;1.286101233;0;14.10375361;0;0.026538501;0;0.857951541;0;0.756944494;0;1.678112322;0
29615;2016;0.040415682;0;2.085558093;0;5.182019723;0;0.659271045;0;10.08169442;0;0.012639535;0;0.542399214;0;0.504767927;0;1.208245844;0
29615;2017;0.071564097;0;3.455187129;0;5.022559271;0;1.970129765;0;18.98800709;0;0.017496984;0;0.943757432;0;1.12197092;0;2.092941722;0
29615;2018;0.05464339;0;2.523215566;0;0;0;1.043395129;0;14.71093456;0;0.020886408;0;0.632430317;0;0.630655494;0;1.387272025;0
29615;2019;0.070771089;0;3.420667432;0;8.731189909;0;1.414736186;0;18.936222;0;0.026021895;0;0.696453137;0;0.717103288;0;1.418681307;0
29617;1990;0;0;69.57003977;0;11.73836932;0;8.931886368;0;156.0102005;0;0.072609799;1;4.318670763;1;11.72277258;1;25.64025862;1
29617;1991;0.413478828;0;32.28666647;0;28.45828581;0;6.914756935;0;108.9971367;0;0.054895801;1;5.085853619;0;0;0;19.38502177;1
29617;1992;0.623256265;0;53.50317826;0;50.78539924;0;17.84340104;0;130.1444611;0;0.061727427;1;3.287110046;0;21.03811146;0;21.67030298;0
29617;1993;1.026481706;0;57.23404349;0;86.90026873;0;11.75572135;0;128.2311921;0;0.074587764;1;3.384147253;0;15.42836212;0;26.99283178;0
29617;1994;2.618638563;0;38.08271209;0;80.85000066;0;19.42580275;0;210.8088604;0;0.065063497;1;3.869833335;1;10.10732266;1;22.28552861;1
29617;1995;1.624393409;0;60.4603392;0;74.08691883;0;28.46958769;0;175.3775955;0;0.072757228;1;3.825214155;0;0;0;25.42281136;0
29617;1996;1.477210067;0;37.01277713;0;39.36600899;0;8.7413373;0;265.4277197;0;0.05031261;1;1.983890602;0;0;0;19.63272618;0
29617;1997;0.579343956;0;46.86039968;0;21.68983345;0;9.904162023;0;133.2363569;0;0.06580174;1;1.597075654;0;0;0;18.46225925;0
29617;1998;3.768140847;0;75.55219146;0;2272.681969;0;100.6716458;0;146.892638;0;0.074545015;1;4.65405846;0;0;0;29.30040948;0
29617;1999;0.458398874;0;47.92794851;0;32.55094118;1;9.229242248;0;99.23692132;0;0.074712997;1;8.761904794;0;14.04011624;0;26.41196963;0
29617;2000;0.624540564;0;57.46024405;0;40.93833515;1;13.36115549;0;144.8738655;0;0.096652574;1;5.530901154;0;9.575097576;0;30.90691806;0
29617;2001;0.244715288;0;38.17681299;0;30.95891894;1;7.843303422;0;81.24952318;0;0.075244592;1;3.660327978;0;6.0660557;0;16.33615388;0
29617;2002;0.318956063;0;40.6657092;0;26.82861467;1;9.327998429;0;97.85221701;0;0.067184781;1;4.602885753;0;7.402356407;0;20.70871476;0
29617;2003;0.182935424;0;28.56001855;0;22.2330654;1;10.92898241;0;75.37381322;0;0.057418954;1;2.889199805;0;5.597679221;0;13.82099695;0
29617;2004;0.280025718;0;47.38268264;0;19.57894109;0;5.542020649;0;74.79864818;0;0.06187239;1;4.901036116;0;6.566586833;0;18.77867168;0
29617;2005;0.308149512;0;47.14013087;0;17.65675735;0;6.883176997;0;87.07017195;0;0.068016195;1;4.25102086;0;9.363445079;0;19.84457439;0
29617;2006;0.424890633;0;52.86368873;0;28.68922323;0;8.477218529;0;106.4942006;0;0.071185516;1;5.734672423;0;13.76390544;0;22.50929314;0
29617;2007;0.23943848;0;56.68917378;0;8.218237575;0;5.765569136;0;85.63972914;0;0.071590947;1;4.51941631;0;6.642880202;0;19.05238577;0
29617;2008;0.404307015;0;54.06787623;0;3.926345137;0;11.86152618;0;122.0258596;0;0.081119051;1;5.345877421;0;13.34894265;0;25.50482884;0
29617;2009;0.325571614;0;45.51281758;0;15.49907173;0;6.217498697;0;101.7062327;0;0.074192336;1;4.919142855;0;8.579422138;0;17.85462558;0
29617;2010;0.473139005;0;38.00282364;0;0;0;5.342686599;0;132.7299609;0;0.07202337;1;4.158014343;0;11.06464032;0;17.87542613;0
29617;2011;0.445149142;0;65.45075407;0;36.21269116;0;12.60665877;0;364.7136295;0;0.089139703;1;6.969390383;0;21.3756493;0;29.51432961;0
29617;2012;0.304842428;0;45.17019359;0;42.41360673;0;6.476593441;0;581.4513641;0;0.084419005;1;5.351109547;0;11.70486839;0;20.81125383;0
29617;2013;0.269151182;0;64.90170531;0;25.59049874;0;7.435032599;0;505.9000363;0;0;0;4.299170372;0;11.33256437;0;22.2594741;0
29617;2014;0.381321175;0;51.6642511;0;24.56477502;0;11.33973259;0;358.1674443;0;0;0;5.392785697;0;14.18272838;0;28.06331201;0
29617;2015;0.307960142;0;40.77506981;0;18.99056116;0;7.91939198;0;245.7165452;0;0.091119498;0;4.992913661;0;8.286128138;0;21.14718748;0
29617;2016;0.260371298;0;33.21223537;0;10.86216099;0;7.826171656;0;187.650255;0;0.051112591;0;4.288194725;0;7.080563338;0;17.8402709;0
29617;2017;0.226557576;0;31.01050847;0;24.25238954;0;3.823829435;0;45.73088937;0;0;0;3.807669512;0;5.012460882;0;16.49004559;0
29617;2018;0.253615177;0;34.96083501;0;0;0;5.535296729;0;96.00789994;0;0.057056188;0;4.046747447;0;6.021821144;0;18.01305078;0
29617;2019;0.337187485;0;42.71656268;0;51.56084681;0;5.921708073;0;150.6108453;0;0.173308432;0;4.004495904;0;6.207393227;0;19.44320062;0
38005;1990;0;1;2.565075869;1;0;1;0.290015335;1;2.830826973;1;0;1;0.222999839;1;0.843470894;1;2.183780808;1
38005;1991;0;1;2.474967203;1;0;1;0.279827373;1;2.731382724;1;0;1;0.215166068;1;0.813840567;1;2.107066673;1
38005;1992;0;1;3.100515351;1;0;1;0.350553763;1;3.421739915;1;0;1;0.269549308;1;1.019538832;1;2.639627934;1
38005;1993;0;1;3.152054552;1;0;1;0.356380943;1;3.478618762;1;0;1;0.274029968;1;1.036486407;1;2.683505902;1
38005;1994;0;1;2.117720562;1;0;1;0.239435973;1;2.337124044;1;0;1;0.184108139;1;0.696367572;1;1.802924262;1
38005;1995;0;1;2.73960732;1;0;1;0.309748395;1;3.023440511;1;0;1;0.238173069;1;0.900861867;1;2.332368394;1
38005;1996;0;1;2.636629707;1;0;1;0.298105431;1;2.909794046;1;0;1;0.229220511;1;0.866999859;1;2.244698264;1
38005;1997;0;1;3.056929213;1;0;1;0.34562578;1;3.373638096;1;0;1;0.265760062;1;1.005206453;1;2.602520817;1
38005;1998;0;1;2.34941505;1;0;1;0.265632062;1;2.592822915;1;0;1;0.204250948;1;0.772555399;1;2.000177678;1
38005;1999;0;1;2.275172964;1;0;1;0.257238024;1;2.510889082;1;0;1;0.197796568;1;0.748142461;1;1.936971577;1
38005;2000;0;1;3.51615573;1;0;1;0.397547337;1;3.880442135;1;0;1;0.305683809;1;1.156213371;1;2.993483933;1
38005;2001;0;1;2.220988004;1;0;1;0.251111707;1;2.451090364;1;0;1;0.193085894;1;0.730324884;1;1.890841138;1
38005;2002;0;1;2.655096219;1;0;1;0.300193311;1;2.930173755;1;0;1;0.230825933;1;0.87307218;1;2.260419754;1
38005;2003;0;1;2.717515951;1;0;1;0.307250677;1;2.999060396;1;0;1;0.236252513;1;0.893597587;1;2.313560877;1
38005;2004;0;1;2.792982155;1;0;1;0.315783118;1;3.082345171;1;0;1;0.242813313;1;0.918413051;1;2.377809132;1
38005;2005;0;1;2.892629302;1;0;1;0.327049529;1;3.192316122;1;0;1;0.251476331;1;0.951179906;1;2.462643865;1
38005;2006;0;1;2.410740634;1;0;1;0.27256572;1;2.660502051;1;0;1;0.209582406;1;0.792721019;1;2.052387297;1
38005;2007;0;1;3.041658922;1;0;1;0.343899274;1;3.356785747;1;0;1;0.26443251;1;1.000185141;1;2.589520433;1
38005;2008;0;1;2.074558564;1;0;1;0.234555946;1;2.289490307;1;0;1;0.180355767;1;0.682174663;1;1.766178237;1
38005;2009;0;1;2.628313845;1;0;1;0.297165214;1;2.900616631;1;0;1;0.228497555;1;0.864265364;1;2.237618544;1
38005;2010;0;1;2.777019427;1;0;1;0.313978323;1;3.064728647;1;0;1;0.241425563;1;0.913164046;1;2.364219242;1
38005;2011;0;1;2.786488621;1;0;1;0.315048939;1;3.075178884;1;0;1;0.242248786;1;0.91627779;1;2.372280853;1
38005;2012;0;1;2.448142174;1;0;1;0.276794453;1;2.701778525;1;0;1;0.212833982;1;0.805019724;1;2.084229148;1
38005;2013;0;1;2.924803556;1;0;1;0.330687249;1;3.227823745;1;0;1;0.254273462;1;0.961759728;1;2.49003546;1
38005;2014;0;1;2.74288122;1;0;1;0.310118552;1;3.027053598;1;0;1;0.238457692;1;0.901938419;1;2.335155633;1
38005;2015;0;1;2.966686149;1;0;1;0.335422623;1;3.274045525;1;0;1;0.257914607;1;0.975531932;1;2.525692262;1
38005;2016;0;1;2.873082375;1;0;1;0.324839494;1;3.170744063;1;0;1;0.249776981;1;0.944752313;1;2.446002563;1
38005;2017;0;1;3.397124545;1;0;1;0.384089307;1;3.74907889;1;0;1;0.295335602;1;1.117072485;1;2.892146572;1
38005;2018;0;1;2.390728256;1;0;1;0.27030306;1;2.638416318;1;0;1;0.207842592;1;0.786140372;1;2.035349731;1
38005;2019;0;0;2.941761248;0;0;0;0.324032416;0;3.040241138;0;0;0;0.259786964;0;0.988091736;0;2.591275092;0
