station_id,station_code,station_name,sample_date,As_µg/l,Cd_µg/l,Cr_µg/l,Cu_µg/l,Ni_µg/l,Pb_µg/l,Zn_µg/l,TOC_mg C/l,pH_
9,101-2-7,Hokksjøen,1995-10-20,0.491,0.06,0.5,0.5,0.7,1.19,7.3,10.0,5.03
10,221-1-2,Langtjern,1995-10-20,,0.03,0.2,0.4,0.3,1.39,6.4,11.7,5.39
11,402-2-13,Sætertjern,1995-10-20,,0.13,0.2,0.5,0.4,0.66,4.3,12.1,5.49
12,419-1-25,Mjøgsjøen,1995-10-20,,0.04,0.3,0.4,0.6,2.1,9.5,8.0,4.44
13,425-2-2,Kottern,1995-09-20,,,0.2,0.4,0.5,0.82,4.7,9.3,5.77
14,432-1-26,Måsabutjørna,1995-09-20,,,,0.3,0.4,0.16,1.1,1.6,5.68
15,436-1-7,HOH 1066,1995-09-20,,,0.1,,,0.16,1.3,7.4,5.23
16,438-1-13,Brennvoltjørna,1995-09-20,,,0.1,,,0.21,1.1,2.9,5.7
17,512-1-26,HOH 1374,1995-10-11,,,,0.5,0.2,0.13,0.8,0.82,6.12
18,512-2-7,Kjelsungvatnet,1995-10-01,,0.04,0.1,,0.2,0.23,1.6,0.2,6.19
19,513-2-18,Nedre Søvertjørni,1995-09-17,,,,,,0.08,0.4,0.2,6.02
20,513-3-14,Liavatnet,1995-09-17,,0.03,0.1,0.5,0.2,0.12,1.1,0.2,6.23
21,514-2-16,Skuggevatnet,1995-09-17,,,,0.6,,0.09,0.7,0.21,6.0
22,538-1-33,Høgkampvatnet,1995-09-18,,,0.1,,0.2,0.09,1.1,0.71,5.79
23,540-3-13,Nevlingen,1995-09-21,,,0.1,0.2,0.3,0.11,1.3,3.1,6.38
24,545-1-15,HOH 1398,1995-09-18,,,,0.4,,0.07,1.0,0.48,6.2
25,604-1-7,Korstjernet,1995-10-20,0.617,0.05,0.3,1.9,0.2,1.14,6.5,7.5,4.56
26,604-3-3,Hengsvatnet,1995-10-19,,0.05,,0.8,0.3,0.38,6.1,5.8,5.66
27,631-2-7,Mjovatnet,1995-10-20,,0.03,0.1,0.4,0.3,0.47,3.8,7.4,4.8
28,807-1-71,Surtetjørn,1995-10-19,0.193,0.05,0.3,2.3,0.3,0.76,6.8,8.7,4.84
29,817-1-10,Vihusvatnet,1995-10-19,0.342,0.06,0.2,0.3,0.2,1.41,7.9,5.3,4.91
30,829-1-13,Mjåvatn,1995-10-20,0.141,,,0.6,0.2,3.85,3.7,2.5,5.39
31,830-1-24,Store Kleivtjørn,1995-10-19,,0.06,,0.4,0.2,0.81,5.2,4.1,4.78
32,833-2-21,Folurdkaldevatn,1995-09-21,,,,0.3,0.2,0.23,2.2,0.2,5.56
33,834-1-12,Hemletjørnane,1995-09-18,,,,,,0.2,1.3,0.42,5.65
34,834-1-32,HOH 1394,1995-09-21,,0.03,,0.4,0.2,0.28,3.7,0.37,5.52
35,928-1-7,Lundevatnet,1995-10-18,,0.1,0.1,0.6,0.5,0.52,11.4,7.7,4.66
37,935-1-19,Færetjørn,1995-10-18,,0.12,0.2,0.7,0.9,1.03,10.6,7.1,5.03
38,937-1-21,Øytjørn,1995-11-01,0.417,0.04,0.1,0.3,0.2,1.69,6.1,6.0,4.79
39,938-3-4,Storolavsvatnet,1995-10-21,,0.03,,0.2,0.2,0.55,2.8,0.76,5.04
40,940-2-9,HOH 1227,1995-09-19,0.172,,,,,0.55,1.1,0.21,5.39
41,941-2-23,Reinsgrovtjørnane,1995-09-19,,0.03,,0.6,0.1,0.42,3.0,0.31,5.24
43,1004-1-34,Store Einervann/HOH 230,1995-10-18,1.997,0.14,0.5,0.7,0.4,1.77,9.5,4.7,4.52
44,1014-1-32,Krossvatnet,1995-10-18,,0.11,,0.7,0.7,0.99,11.6,5.4,4.95
45,1032-1-19,Svartevatnet,1995-10-18,,0.12,,0.5,0.3,1.35,10.5,4.9,4.71
46,1037-1-1,Lisle Frøysvatnet,1995-10-18,0.36,0.09,,0.9,0.2,1.63,7.9,2.2,4.86
47,1046-1-23,Bergetjørni,1995-10-21,,0.06,,0.4,0.5,0.56,5.0,1.8,5.01
48,1111-1-14,Eikelitjørna,1995-11-01,,0.06,,,0.4,0.56,7.0,0.51,4.87
49,1114-1-20,Skjelbreidtjørni,1995-10-31,0.113,0.03,,0.2,0.3,0.32,5.2,2.1,6.06
50,1114-1-34,Lomstjørni,1995-10-31,,,,0.4,0.3,0.7,7.8,2.6,5.4
51,1122-1-9,Kråtjørni,1995-10-31,0.12,0.04,,0.2,0.2,1.09,4.5,2.1,4.74
52,1129-1-13,Tvaravatnet,1995-10-21,,,,,,0.48,2.3,0.76,4.99
53,1201-1-23,Knappatjørna,1995-10-31,0.172,,,0.3,,0.38,5.4,3.9,5.43
54,1201-1-32,Brekkevatnet,1995-10-31,,,0.2,0.7,0.5,0.55,1.6,0.94,5.66
55,1228-1-16,1230 HOH,1995-09-21,,,0.6,1.6,0.1,0.43,2.0,0.2,5.32
56,1228-2-4,Øvre Juklevatni,1995-09-21,,,1.1,0.8,0.4,0.4,1.4,0.2,5.7
57,1231-1-41,HOH 1092,1995-10-31,,,0.4,1.4,,0.15,1.2,0.33,5.65
58,1235-1-6,Rundatjørni,1995-09-16,0.148,0.02,0.2,0.9,,0.26,1.6,0.2,5.64
59,1235-1-17,Rennebergstjørni,1995-09-16,,0.03,,0.5,0.6,0.53,1.5,0.2,5.36
60,1263-3-10,Husdalsvatnet,1995-10-31,0.204,0.03,,0.4,0.3,0.43,3.7,2.0,5.11
61,1266-1-25,Stemmevatnet,1995-10-31,,0.06,0.1,0.3,0.2,0.89,5.8,1.7,4.84
62,1266-1-43,HOH 816,1995-09-16,,,,0.2,0.1,0.44,1.9,0.2,5.13
63,1401-1-35,Rundedalsvatnet,1995-10-30,,,,,0.1,0.27,1.1,0.57,4.39
64,1411-2-17,Holmevatnet,1995-10-31,,,,0.2,,0.58,2.7,1.5,4.9
65,1411-2-34,Botnavatnet,1995-10-31,,,,,0.1,0.37,1.4,1.8,4.96
66,1416-1-5,HOH 1110,1995-09-16,,,,,,0.3,0.6,0.2,5.23
67,1416-2-6,Blåfjellvatnet,1995-09-16,,,,,,0.28,1.5,0.51,5.35
68,1421-1-34,HOH 1530,1995-09-17,,,,0.4,0.2,0.14,0.9,0.23,5.57
69,1426-2-29,Krongeltjørni,1995-09-17,,,,,1.0,0.12,0.4,0.35,5.9
70,1429-3-22,Langesjøen,1995-10-30,,0.06,0.1,0.4,0.4,0.47,2.6,3.5,5.15
71,1432-2-20,Steinbotsvatna,1995-09-16,,,,,,0.12,0.6,0.23,5.52
72,1433-1-30,Einevollsvatnet,1995-10-30,,,,,,0.14,0.7,2.7,5.35
73,1438-1-16,HOH 770,1995-10-30,,,,,0.3,0.36,0.6,0.42,5.03
74,1534-2-5,St. Hestevatn,1995-10-30,,0.02,,1.0,0.1,0.13,2.7,1.9,5.89
75,1539-3-3,Ulvådalsvatnet,1995-09-17,,0.05,0.1,0.3,0.1,0.05,,0.3,6.16
76,1543-2-8,Røndalskarvatn,1995-10-29,,0.03,,,,0.05,1.0,0.26,6.34
77,1566-2-3,Kvernvatnet,1995-09-18,,,,0.2,,,0.4,0.85,6.47
78,1566-2-19,HOH 1078,1995-09-18,,0.06,0.1,1.2,0.3,0.28,4.5,0.7,6.36
79,1622-1-5,Nedre Hanstjørna,1995-10-30,,,,,0.1,0.16,0.8,10.0,4.92
80,1622-2-4,Austvatnet,1995-10-30,,0.03,0.1,0.3,0.3,0.14,1.3,4.9,5.89
81,1640-2-18,Skebrosjøane,1995-09-20,,,,,0.2,0.16,0.9,4.4,6.08
82,1718-1-3,Hyttvatnet,1995-09-19,,0.04,0.1,0.5,0.1,0.3,1.0,3.4,5.76
83,1736-3-4,Snaufjellvatnet,1995-09-19,,,,,,0.12,3.3,1.3,6.09
84,1738-3-9,Midtre Blåfjellvatnet,1995-09-19,,,,0.2,,0.07,0.5,0.79,6.29
85,1751-2-11,Grønlivatnet,1995-09-19,,,,,0.1,0.22,1.1,3.1,6.03
86,1851-2-13,Trollvatnet,1995-09-14,,0.03,0.2,1.0,0.2,0.14,2.0,1.4,6.42
87,1929-2-9,Storvatnet,1995-09-28,,,,0.7,0.3,0.06,,1.0,6.31
88,1929-2-13,Daudmannsvatn,1995-09-28,,,,1.0,0.2,0.06,0.9,0.75,6.29
89,2011-1-13,HOH 510,1995-09-18,,,0.3,,0.2,0.09,0.3,3.3,5.4
90,2011-1-29,HOH 407,1995-09-18,,0.03,0.1,,,0.06,1.4,1.7,5.76
91,2011-1-60,HOH 414,1995-09-18,,,0.2,0.2,0.2,,0.5,3.6,5.65
92,2011-2-34,Guolehisjavri,1995-09-19,,,0.1,,0.4,0.08,0.5,4.0,6.5
93,2020-2-30,HOH 515,1995-09-21,,0.02,,,0.1,0.05,0.6,0.46,6.18
94,2022-1-42,HOH 292,1995-09-21,,,,,,,,0.69,5.57
95,2022-1-45,HOH 561,1995-09-21,,0.03,,0.3,0.3,0.16,1.7,0.6,5.35
96,2023-1-19,HOH 314,1995-09-21,,0.02,0.1,0.3,0.4,0.27,2.5,0.2,5.12
97,2023-1-63,HOH 323,1995-09-21,,,0.1,,0.1,0.05,0.6,0.2,5.31
98,2025-1-57,HOH 450,1995-09-21,,,,,,0.15,,0.32,5.24
99,817-607,Måvatn,1995-10-19,,,,,,,,0.49,4.69
100,623-603,Breidlivatnet,1995-10-20,,,,,,,,4.6,4.87
115,831-501,Brårvatn,1995-10-20,,0.03,,0.3,0.2,0.35,3.2,0.55,5.79
116,1640-603,Tufsingen,1995-09-20,,,,,,0.05,0.9,1.5,6.48
125,2030-607,St.Valvatnet,1995-09-18,,,,2.0,6.0,,,1.2,6.44
135,1228-501,Steinavatn,1995-11-03,,0.02,0.5,1.5,0.2,4.09,2.1,0.2,5.11
137,620-502,Storekrækkja,1995-10-12,,,,0.3,0.2,0.43,1.8,0.42,6.2
166,1018-4,Kleivsetvannet,1995-10-18,,0.17,0.2,0.9,0.8,1.39,19.8,4.7,5.0
171,1840-601,Kjemåvatn,1995-10-02,,,,,,,0.6,0.49,6.03
187,429-601,Holmsjøen,1995-09-20,,,0.1,0.4,0.3,0.38,2.3,4.5,5.54
191,402-604,Storbørja,1995-10-20,,,,,,,,9.8,5.31
193,1725-3-14,Bjørfarvatnet,1995-09-19,,,,,,0.19,1.4,2.7,5.6
2998,101-2-2,Steinsvatnet,1995-10-20,0.426,0.06,0.4,0.5,0.8,1.13,8.7,6.6,5.04
2999,101-4-1,Femsjøen,1995-10-20,,,0.2,1.1,0.8,0.18,3.3,6.4,6.76
3000,105-3-6,Isesjøen,1995-10-20,,0.02,0.2,1.3,1.1,0.43,2.4,6.1,6.73
3001,105-3-10,Tunevatnet,1995-10-20,0.648,0.02,0.2,1.1,0.9,0.59,1.5,4.7,7.19
3002,118-1-7,Lilledalstjernet,1995-10-20,,,,0.5,0.5,0.31,1.5,9.3,7.23
3003,118-1-39,Ekertjernet,1995-10-20,0.266,,0.3,1.0,1.4,0.32,3.4,10.6,6.68
3004,119-1-2,Hølevatnet,1995-10-20,,0.05,,0.5,0.6,0.44,4.1,5.1,6.53
3005,119-2-81,Nordre Torgrimsbutjern,1995-10-20,,,0.4,1.3,1.0,0.38,3.7,14.5,6.31
3006,119-4-3,Rødenessjøen,1995-10-20,0.262,0.03,0.3,1.1,0.8,0.25,3.0,6.9,6.99
3007,128-1-4,Stomperudtjernet,1995-10-20,0.346,0.02,1.6,2.1,3.3,1.36,6.4,14.0,7.66
3009,137-3-1,Sæbyvatnet,1995-10-20,,0.05,0.4,1.4,1.6,0.42,6.0,8.4,6.83
3010,217-3-1,Gjersjøen,1995-10-19,0.251,0.03,,2.0,7.0,0.12,2.2,5.8,7.64
3011,220-2-9,Bondivatnet,1995-10-20,0.335,0.07,0.3,0.6,0.6,0.64,10.0,4.5,8.16
3012,221-1-6,Lombergtjern,1995-10-20,0.165,0.03,0.4,0.5,0.8,0.38,5.4,11.1,6.32
3013,221-1-9,Lembruvatna,1995-10-20,,0.04,0.3,0.5,0.5,0.92,6.7,14.4,4.95
3014,221-3-2,Floen,1995-10-20,,,0.2,0.8,0.5,0.17,2.5,8.5,6.81
3015,227-2-1,Heia,1995-10-20,0.256,,0.2,0.7,0.6,0.32,2.3,6.9,6.79
3016,231-2-5,Tretjernet,1995-10-20,,,,0.5,0.5,0.15,0.5,5.9,7.59
3017,235-1-3,Sesvolltjernet,1995-10-19,0.103,,,,2.4,0.08,1.7,5.6,7.4
3018,236-1-12,Djuptjern,1995-10-20,,0.03,0.1,0.5,0.5,0.69,4.2,9.1,6.56
3019,236-2-4,Flasjøen,1995-10-20,0.239,0.02,0.3,0.5,0.5,0.62,3.8,12.5,5.65
3020,239-1-186,Buråstjern,1995-10-20,,0.02,,0.3,0.4,0.16,3.6,4.7,6.95
3021,239-2-3,Bundlitjernet,1995-10-20,,,,0.3,0.4,0.22,8.0,5.2,6.74
3022,239-2-10,Holtjernet,1995-10-20,,0.04,,0.3,0.2,0.09,1.7,3.9,7.09
3023,239-4-3,Hurdalsjøen,1995-10-20,,0.04,,0.4,0.4,0.08,4.4,2.9,6.93
3024,301-1-1,Steinsrudtjern,1995-10-19,,,,0.9,0.9,0.12,3.4,9.3,7.34
3025,301-2-1,Rottungen,1995-10-15,,0.03,,0.4,0.2,0.21,8.9,4.0,5.96
3026,301-3-1,Helgeren,1995-10-15,,0.03,,0.2,0.3,0.09,9.0,2.5,6.54
3027,402-1-28,Eintjern,1995-10-20,0.105,0.04,0.2,0.7,0.3,0.22,2.2,9.4,7.05
3028,402-2-7,Kjerketjerna,1995-10-20,0.13,0.03,0.2,0.2,0.2,0.67,5.6,9.6,5.0
3030,402-3-9,N Hærsjøen,1995-10-20,,,,0.6,0.3,0.17,2.0,6.1,6.37
3031,403-3-15,Brumundsjøen,1995-09-20,,0.04,0.2,1.7,2.5,0.13,5.2,6.5,6.21
3032,412-1-20,Kinnlitjernet,1995-11-13,,,,,0.1,0.12,0.8,11.1,7.84
3033,412-1-22,Ørtjernet,1995-11-13,0.322,0.03,0.2,1.3,0.4,0.75,16.1,11.0,5.09
3034,412-3-4,Sjusjøen,1995-11-13,,,,0.6,0.8,0.12,1.6,1.0,6.62
3035,412-5-1,Mjøsa,1995-11-15,,,0.3,1.3,1.9,,,1.9,7.29
3036,418-1-4,Vesle Otten,1995-10-20,,,,0.4,0.4,0.22,2.6,4.4,6.46
3037,418-1-14,Geittjerna,1995-10-20,0.387,0.04,0.5,0.6,0.6,1.28,6.9,10.1,4.75
3038,418-2-3,Tennungen,1995-10-20,,0.05,0.2,0.6,0.5,0.61,5.4,9.1,5.99
3039,419-1-6,HOH 174,1995-10-20,,,,0.5,0.5,0.09,0.8,9.8,7.17
3040,419-1-23,Svarttjernet,1995-10-20,0.149,,0.1,0.9,0.3,0.24,1.4,5.1,7.08
3041,419-2-8,Igletjernet,1995-10-20,0.207,,0.2,0.6,0.3,0.08,1.4,6.4,6.69
3043,423-1-21,Langtjernet,1995-10-20,0.196,0.02,0.3,0.2,0.4,0.55,3.1,12.5,5.66
3044,423-3-14,Rotnesjøen,1995-10-20,,,0.2,0.4,0.6,0.24,2.5,8.4,6.64
3045,425-1-15,Kalbråtåsjøen,1995-09-20,,0.03,0.2,0.5,0.4,0.58,3.5,9.0,5.74
3046,425-2-10,Steinsjøen,1995-09-20,,,0.2,,0.3,0.14,1.2,6.4,6.83
3047,425-2-25,Knapptjernet,1995-09-20,,,0.3,0.5,0.7,0.24,2.1,9.8,6.69
3049,426-3-1,Vålmangen,1995-09-21,,,0.2,0.4,0.5,2.09,4.7,7.6,6.38
3050,427-3-12,Svenkebekksjøen,1995-09-28,0.216,,0.2,0.6,0.4,0.15,1.7,6.4,6.84
3051,428-2-15,Mjølsjøen,1995-09-20,,,0.1,,0.1,0.11,0.7,3.0,6.94
3053,430-2-1,Setningsjøen,1995-09-20,,,0.1,,0.1,0.05,,0.8,7.0
3054,430-2-16,Gråtjørna,1995-09-20,,,,0.3,,0.07,0.7,2.8,6.61
3055,432-1-2,Langtjørna,1995-09-20,,,,,0.2,0.06,,3.5,7.19
3056,432-1-10,Byringtjørna,1995-09-20,,,,0.3,0.2,0.1,0.6,3.4,6.89
3057,432-1-18,Stortjørna,1995-09-20,,,0.1,0.2,0.2,0.12,0.9,5.1,6.13
3058,432-2-23,Hundtjørna,1995-09-20,,,,,0.1,0.04,,3.8,7.3
3060,432-4-1,Sølensjøen,1995-09-20,,,0.1,,0.2,0.06,0.9,3.2,6.55
3061,432-4-2,Storsjøen,1995-09-20,,,,2.2,0.6,0.04,4.9,2.7,7.21
3062,434-1-11,Abbortjørna,1995-09-20,,,,,,0.07,,2.7,6.26
3063,434-2-4,Store Sorksjøen,1995-09-20,,,,0.3,0.6,0.19,0.9,6.1,6.75
3064,434-2-21,Skjervagen,1995-09-20,,,0.2,,0.1,0.1,0.7,3.9,6.44
3065,434-3-23,Fjellgutusjøen,1995-09-20,,0.03,,0.4,0.3,0.08,0.7,2.9,6.87
3066,434-5-1,Femunden,1995-12-03,,,,0.4,0.4,0.2,1.4,1.9,6.82
3067,436-1-3,Rabbtjørna,1995-11-22,,,,0.4,0.8,0.17,0.9,1.1,7.23
3068,437-1-9,Halvorstjørna,1995-09-20,,,,0.6,0.5,0.09,0.7,8.4,7.46
3069,438-2-19,Søre Klettsjøen,1995-09-20,,,,0.4,0.2,0.16,2.4,2.5,5.78
3070,441-1-12,Storflotjørna,1995-09-20,,,,2.4,0.6,0.2,1.8,3.9,7.84
3071,501-3-9,Mellsjøen,1995-09-20,0.132,,,0.4,0.2,1.1,0.8,3.4,6.72
3072,511-3-15,Vålåsjøen,1995-09-18,,,,0.5,0.5,0.06,0.8,2.2,7.12
3073,512-1-8,Nedre Mølmsvatnet,1995-10-17,,,,,,0.06,,0.2,6.41
3074,512-1-14,Lomtjørni,1995-10-12,,,0.3,0.9,0.7,0.06,0.7,5.3,6.44
3075,512-1-18,HOH 1506,1995-10-11,,,0.1,0.4,0.1,0.09,1.3,0.2,5.88
3076,512-2-23,Rygghøtjørni,1995-10-01,,,,0.3,0.1,,26.3,0.2,6.34
3077,512-3-12,Langvatnet,1995-10-11,,,,,,0.06,0.7,0.28,6.27
3078,513-1-7,HOH 1370,1995-09-17,,,0.2,,0.2,,0.4,0.2,6.03
3079,513-2-5,Grøntjørni,1995-09-17,,,,0.2,,0.15,0.8,0.2,5.99
3080,513-2-15,Kroketjørni,1995-09-17,,,,0.5,,0.08,0.9,0.73,6.27
3081,513-2-27,Styggvatnet,1995-09-17,,0.02,,0.5,,0.17,1.0,0.2,6.04
3082,514-1-1,Urdadalstjørnin,1995-09-18,,,,0.6,0.2,0.13,37.1,0.2,6.07
3083,514-1-10,Sjugurdtindtjørni,1995-09-18,,,,0.3,0.2,0.08,0.4,0.62,6.2
3084,514-1-29,Brangsdalstjørnin,1995-09-17,,0.03,,0.5,0.2,0.16,1.8,1.0,6.68
3085,514-2-26,Panna,1995-09-18,,,,0.7,0.2,0.06,1.1,0.2,6.07
3086,515-1-23,Skytningen,1995-10-01,,,,,,0.06,,4.2,7.72
3087,515-2-1,Tjørnosen,1995-10-01,,,,,,0.05,,1.2,7.28
3088,515-2-24,Birisjøen,1995-10-01,,,,1.1,0.5,0.08,2.0,3.1,7.45
3089,516-2-8,Nedre Sikkilsdalsvatnet,1995-09-18,,,0.1,0.8,0.2,0.11,3.8,1.7,6.84
3090,516-3-36,Store Åkrevatnet,1995-09-18,,,,0.5,,0.41,,1.6,6.9
3091,517-1-16,HOH 1506,1995-09-28,,,,0.4,0.1,0.28,2.5,0.34,5.45
3092,519-1-6,Sprentjørna,1995-09-18,,,0.1,1.3,0.3,0.12,2.2,2.0,6.76
3093,519-2-12,Nordre Vulutjørni,1995-09-20,,,,0.3,0.4,0.06,0.8,0.6,6.53
3094,519-2-29,Vesle Jetningen,1995-09-18,0.203,,0.1,0.6,0.6,0.14,4.4,4.5,7.02
3095,520-1-11,Urdtjern,1995-09-28,,,,0.4,0.3,0.11,0.8,3.0,6.93
3096,520-1-31,Steinslatjørnet,1995-10-13,,,,0.4,0.6,0.15,2.0,2.1,6.78
3097,521-2-14,Tromstjørn,1995-09-20,,,,0.5,0.4,0.13,0.7,6.9,6.95
3098,521-3-5,Lyngen,1995-09-20,,0.02,,0.4,0.3,0.23,1.6,3.4,6.79
3099,522-1-13,Skruvdalstjernet,1995-09-18,,,,0.4,0.2,0.13,1.4,3.6,6.84
3100,522-3-4,Øvre Reinsjøen,1995-09-18,,,,,0.1,0.04,0.3,3.2,6.62
3101,522-3-16,Espedalsvatnet,1995-09-18,,,0.2,1.3,3.6,0.09,9.2,2.3,6.99
3102,528-1-22,Fjælutjern,1995-10-20,0.257,0.04,0.2,0.3,0.5,0.51,6.5,10.6,5.98
3103,528-2-6,Mørksjøen,1995-10-20,,0.03,,1.1,0.3,0.28,5.0,5.1,6.02
3105,532-1-3,Fagervatnet,1995-10-20,,0.02,,0.3,0.4,0.21,5.2,5.5,6.26
3106,533-3-17,Mylla,1995-10-20,,,,0.6,0.7,0.16,2.4,3.2,7.41
3107,534-5-1,Randsfjorden,1995-11-21,,,,0.5,0.6,0.13,1.3,3.6,7.16
3108,536-1-12,Brokslitjernet,1995-09-21,0.168,,0.2,0.2,0.3,0.31,2.3,8.3,6.27
3110,538-1-20,Kolsrudvatnet,1995-09-21,,,,0.3,1.0,0.22,3.6,8.2,6.68
3111,538-2-2,Vangsjøen,1995-09-21,,,,0.4,0.7,0.3,2.7,6.7,6.83
3112,540-2-21,Holmevatnet,1995-09-21,0.157,0.02,,0.3,0.2,0.39,2.8,6.1,6.5
3113,540-2-22,Øyvatnet,1995-09-21,,,,0.5,0.4,0.09,1.6,3.5,6.96
3115,541-2-3,Grannstøltjernet,1995-09-18,0.172,,,0.4,0.4,0.17,2.6,6.0,6.38
3116,542-1-19,Nisetjernet,1995-09-18,,,,0.6,0.2,0.1,1.4,2.6,6.68
3117,542-1-25,Nordre Valegrovtjernet,1995-09-18,,,,0.3,0.2,0.22,16.9,4.0,6.88
3118,542-3-6,Hærevatn,1995-09-18,,,,0.2,0.1,0.07,1.6,2.1,6.6
3119,542-3-8,Stogofjorden,1995-09-18,,,,0.7,0.1,0.08,0.7,2.5,6.88
3120,543-3-2,Vasetvatnet,1995-09-18,0.22,,,0.7,0.3,0.23,2.1,2.7,6.72
3121,543-4-4,Storfjorden,1995-09-18,,,,0.3,0.2,0.19,1.9,1.1,6.61
3122,544-1-2,HOH 955,1995-09-18,,,,0.4,0.3,0.27,1.9,3.3,6.52
3123,544-1-27,HOH 1198,1995-09-18,,,,,,0.24,1.3,0.67,5.66
3124,544-2-10,Fisketjerni,1995-09-18,,,0.1,0.7,0.2,0.26,1.7,0.64,6.84
3125,544-2-11,Nordre Vindin,1995-09-18,,,,0.4,0.2,0.07,1.0,3.4,6.94
3126,545-1-24,Myrjetjernet,1995-09-18,,,,0.5,0.1,0.15,4.5,0.26,6.34
3127,545-1-32,Tvindehaugtjernet,1995-09-18,,,,0.5,0.4,0.1,2.6,0.44,6.33
3128,545-2-4,HOH 1337,1995-09-18,,0.02,,0.4,,2.51,3.4,0.26,5.96
3129,545-2-13,Fussegrovtjørni,1995-09-18,,,,0.3,0.1,0.07,2.1,0.27,6.07
3130,545-2-17,Langetjernet,1995-09-18,,0.03,0.4,0.8,0.2,0.09,1.1,0.36,6.18
3131,545-2-25,Seksin,1995-09-18,,,,0.5,0.2,0.08,0.9,0.92,6.54
3132,545-3-7,Helin,1995-09-18,,0.03,,0.7,0.4,0.05,0.9,0.86,7.0
3133,545-3-19,Nedre Årdalsvatnet,1995-09-18,,,,,0.1,0.08,1.5,0.24,6.13
3134,545-4-1,Bygdin,1995-09-18,,0.03,,0.7,0.2,0.24,1.9,0.29,6.46
3135,545-4-3,Vangsmjøsi,1995-09-18,,,,0.4,0.4,0.06,2.5,0.79,6.69
3136,545-4-5,Tyin,1995-09-18,,0.04,,0.7,0.3,0.08,1.5,0.23,6.18
3137,604-1-17,Trytetjerna,1995-10-19,,0.03,,0.6,0.3,1.2,10.1,9.7,4.89
3138,604-2-18,Tverrvatnet,1995-10-19,,0.05,,0.5,0.2,0.72,9.6,7.2,5.23
3139,605-1-5,Gravvatnet,1995-09-15,0.138,0.05,,0.4,0.2,0.74,6.8,7.1,5.69
3141,612-5-1,Tyrifjorden,1995-11-21,,,,0.8,0.7,0.25,2.0,2.9,7.06
3142,615-2-17,Eitrytetjern,1995-09-15,,0.05,0.2,0.7,0.4,0.49,3.5,4.4,5.22
3143,616-1-10,Kytetjernet,1995-09-15,,0.15,,0.5,0.3,0.19,1.2,4.5,6.75
3144,616-1-12,Førkjetjernet,1995-09-15,,,0.1,0.3,0.2,0.13,1.9,2.7,6.11
3145,616-1-13,Langevatnet,1995-09-15,,,,0.5,0.5,0.36,1.5,6.7,7.11
3146,616-1-26,Hammartjørnet,1995-09-15,,,,0.3,0.3,0.21,1.1,5.0,6.94
3147,616-1-31,Vardetjernan,1995-09-15,,,,0.5,0.2,0.15,0.9,5.0,6.91
3148,616-2-6,Ausa,1995-09-15,0.102,,,0.3,0.2,0.2,2.1,6.5,6.92
3149,616-2-20,Belgevatnet,1995-09-15,,,,0.6,0.3,0.07,0.6,3.3,7.03
3150,617-1-19,Nystøltjørni,1995-09-18,0.223,,,,0.3,0.17,1.1,4.0,6.97
3151,617-1-23,Metubba,1995-09-18,,0.02,,0.6,0.4,0.22,1.8,10.4,6.84
3152,617-1-28,Ørkvatnet,1995-09-18,0.171,0.03,,0.7,0.3,0.12,1.0,4.7,7.24
3153,618-1-3,HOH 1456,1995-09-17,,,,0.4,,0.13,0.7,0.2,6.0
3154,618-3-1,Vannen,1995-09-18,,,,0.4,0.2,0.05,0.9,3.4,6.88
3156,618-3-6,Storevatnet,1995-09-18,,,,0.4,0.4,0.06,2.3,1.8,6.92
3157,619-1-1,Butjørni,1995-09-15,,,,0.4,0.2,0.14,0.7,3.4,7.17
3158,619-2-19,Mefaringen,1995-09-15,,0.05,,0.5,0.3,0.08,2.2,2.1,7.32
3159,619-2-33,Austre Flågrunnsvatnet,1995-09-17,,,,0.3,,0.11,1.1,0.2,5.86
3160,619-3-2,Vassfjorden,1995-09-16,,0.03,,0.8,0.5,0.09,1.0,3.1,6.82
3161,619-3-10,Halldalsvatnet,1995-09-17,,,,0.4,0.2,0.05,4.1,2.5,7.03
3162,620-1-6,HOH 1760,1995-09-17,,0.02,,0.6,0.2,0.18,1.0,0.2,5.68
3163,620-1-14,HOH 1340,1995-09-17,,,,0.4,0.1,0.16,3.1,0.2,5.87
3164,620-1-15,Skarvåtjørnane,1995-09-17,,,,0.5,0.4,0.04,0.8,1.1,6.7
3165,620-1-21,HOH 1540,1995-09-17,0.102,,,,,0.31,2.4,0.2,5.23
3166,620-3-7,Skurdalsfjorden,1995-10-12,,,,0.6,0.3,0.11,1.9,2.4,6.96
3167,620-4-6,Ørteren,1995-10-12,,,,0.7,0.3,0.12,2.0,1.1,6.62
3168,621-1-27,Flåvatna,1995-09-15,,0.03,,0.5,0.4,0.37,3.2,8.3,6.27
3169,621-3-5,Soneren,1995-10-20,,,0.1,0.6,0.4,0.21,4.1,6.2,5.89
3170,622-2-43,Trytetjern,1995-10-20,0.134,,0.2,0.4,0.5,0.18,4.3,7.5,6.38
3171,622-4-4,Krøderen,1995-10-20,,,,0.7,0.5,0.06,1.8,2.7,6.54
3173,624-1-8,Grøntjern,1995-10-19,0.245,0.03,0.3,0.7,0.9,0.25,9.7,9.2,6.76
3174,624-1-55,Brånavatnet,1995-10-19,,0.05,,0.5,0.3,0.99,4.3,4.5,6.19
3175,624-2-23,Skogsvatnet,1995-10-20,0.195,,,0.3,0.3,,0.6,5.0,7.33
3176,624-4-5,Eikeren,1995-10-19,0.178,0.05,,0.6,0.5,0.07,7.8,2.5,7.21
3177,631-1-4,Nydammen,1995-10-19,0.552,0.04,0.1,0.6,0.1,1.12,5.2,7.0,5.74
3178,631-2-29,Tryttjern,1995-10-20,0.249,0.02,0.3,0.4,0.4,0.36,4.7,8.5,6.14
3179,632-1-20,Trytetjørn,1995-10-20,,0.03,0.1,0.4,0.4,0.58,8.1,4.6,5.55
3180,633-1-11,Øvre Halstjørnane,1995-10-29,,,,,0.1,0.39,1.6,2.1,6.56
3181,633-1-16,HOH 1217,1995-10-29,,0.04,,0.4,0.5,0.18,1.7,2.6,6.66
3182,633-1-18,HOH 1250,1995-09-20,,,,0.2,0.1,0.18,2.6,1.7,5.97
3183,633-1-29,Tjørngrøtjørnane,1995-10-29,,,,0.5,0.3,0.15,1.6,3.8,6.19
3184,633-1-30,Såtenattjørnan,1995-09-15,,,0.1,0.3,0.1,0.1,2.0,2.4,6.52
3185,633-2-2,Frygnevatnet,1995-09-20,,,,0.5,0.4,0.12,1.3,4.5,6.67
3186,633-2-4,Grånsettjørni,1995-09-15,,,0.1,0.3,0.2,0.16,1.5,4.2,6.57
3187,633-2-8,Vestre Søltjørni,1995-10-29,,0.03,,1.3,0.2,0.51,12.9,2.3,6.26
3188,633-2-11,Øvre Nutetjørnane,1995-10-29,,,0.1,,,1.54,0.5,0.86,6.39
3189,633-2-13,Holmevatni,1995-09-15,,,0.9,0.6,0.4,0.11,1.0,2.0,6.95
3190,633-2-21,Flåtåtjørni,1995-10-29,,,0.2,0.6,0.2,0.34,1.2,2.0,6.87
3191,633-2-24,Vegardhovdtjørnan,1995-09-21,,,,0.4,0.4,0.28,1.0,1.6,6.2
3192,633-2-25,HOH 1065,1995-09-15,,,,0.2,0.2,0.13,9.1,2.2,6.34
3193,633-3-14,Krossvatnet,1995-10-29,,,,,0.2,1.8,0.7,1.3,6.57
3194,633-4-8,Langesjøen,1995-10-29,,,,0.3,0.3,0.12,0.8,1.6,6.61
3195,709-1-5,Bålsrødtjernet,1995-10-19,,,0.1,1.1,0.8,0.47,2.4,10.1,7.28
3196,714-3-5,Bergsvatnet,1995-10-19,,,,0.8,0.5,0.17,2.7,5.0,7.18
3197,720-2-1,Gjennestadvatnet,1995-10-19,0.186,,0.1,0.4,0.5,0.11,1.5,9.5,7.19
3198,728-1-3,Solbergvatnet,1995-10-19,,,,,,,,4.0,6.63
3199,728-1-6,Rosovatnet,1995-10-19,0.184,0.03,0.1,0.3,0.3,0.21,8.9,6.9,6.54
3200,806-2-23,Holmevatn,1995-10-19,0.281,0.04,0.1,0.2,0.1,0.55,6.7,5.1,5.85
3201,807-1-36,Vassenden,1995-10-19,,0.02,0.2,1.0,0.5,0.18,6.8,9.8,6.05
3203,807-3-1,Sønstevatn,1995-10-19,0.335,0.02,0.1,0.6,0.3,0.31,2.9,7.1,6.48
3204,807-4-1,Heddalsvatnet,1995-10-19,0.118,,0.1,0.4,0.8,0.13,3.1,2.4,6.39
3205,814-2-4,Grummestadvatnet,1995-10-19,0.253,0.06,0.2,1.4,3.8,0.25,9.5,5.4,6.72
3206,815-1-29,HOH 50,1995-10-19,,0.06,0.2,1.2,1.3,0.32,9.9,8.1,6.55
3207,815-2-27,Lønstravatnet,1995-10-19,,0.11,0.3,0.8,0.8,0.66,12.5,6.9,6.39
3208,815-3-8,Leivatnet,1995-10-19,,0.16,0.2,1.0,1.0,0.61,13.0,7.1,6.17
3209,817-1-14,Teksle,1995-10-19,,0.1,0.2,0.7,0.4,0.89,12.9,9.6,5.18
3210,817-1-33,Store Kyrsvatnet,1995-10-19,0.135,,,0.2,0.2,0.18,3.8,7.3,6.38
3211,817-1-34,Eldhustjenna,1995-10-19,,0.1,0.2,0.6,0.4,0.4,7.8,11.6,5.83
3212,817-1-38,Signevatnet,1995-10-19,0.143,0.03,,,0.2,0.16,5.2,5.6,6.69
3213,817-1-43,Skultrevatnet,1995-10-19,,0.08,0.1,0.5,0.5,0.27,10.5,6.5,6.35
3214,817-1-72,Dei store tjørnane,1995-10-19,,0.05,,0.4,0.5,0.15,4.6,4.3,4.67
3215,817-2-61,Sandvatnet,1995-10-19,0.163,0.05,,0.2,0.5,0.62,6.2,3.2,5.16
3217,819-2-13,Prestevatnet,1995-10-19,,0.02,,0.2,0.2,0.16,4.1,3.4,6.79
3218,819-2-14,Bøvatnet,1995-10-19,0.22,0.04,,0.3,0.2,0.21,6.4,4.6,6.6
3219,819-3-17,Store Børten,1995-10-19,,0.06,,0.5,0.4,0.15,6.5,4.9,6.48
3220,822-2-11,Børtevatn,1995-10-19,0.336,0.07,,0.3,0.1,2.08,6.1,5.2,6.97
3221,826-1-7,Vesle Flottetjørn,1995-09-26,,,,,,0.14,1.4,1.8,6.42
3222,826-1-16,Svarttjørn,1995-09-28,,,,0.4,0.4,0.21,1.9,1.4,6.43
3223,826-1-17,HOH 1162,1995-09-26,,,,,,0.06,0.4,1.3,6.52
3224,826-1-18,Fikstjørn,1995-09-27,,,,,,,,3.1,7.26
3225,826-1-20,Grysletjørn,1995-09-28,0.104,,,,,0.88,0.6,1.5,6.31
3226,826-1-25,HOH 1335,1995-09-24,,,,0.4,0.3,0.22,1.3,1.7,6.52
3227,826-1-28,Storsteinvatnet,1995-09-26,,,,,,0.13,1.3,3.1,6.31
3228,826-1-30,Ormetjørn,1995-09-26,,0.02,,0.6,0.5,0.33,2.1,4.8,6.53
3229,826-1-35,Langtjørn,1995-09-27,,,,,,0.07,,3.3,7.08
3230,826-1-39,Torjustjørn,1995-09-26,,,,,,0.09,0.8,2.1,6.38
3231,826-2-6,Viktjørn,1995-09-24,,,,,,0.09,1.0,0.52,6.02
3232,826-2-24,Longetjørn,1995-09-26,,,,0.4,0.4,0.28,1.6,3.7,6.24
3234,827-1-23,Lysetjørn,1995-10-20,,,,,,0.26,0.8,2.1,6.46
3235,827-1-41,HOH 1102,1995-10-20,,,,0.4,0.4,0.15,1.2,2.0,6.55
3236,827-2-32,Sjausetvatnet,1995-10-20,,0.02,,,0.2,0.31,2.1,6.1,5.81
3237,827-3-23,Heddevatnet,1995-10-20,,,,0.4,0.3,0.12,1.4,2.3,6.76
3238,827-3-26,Sjåvatnet,1995-10-20,,,,,0.2,0.26,2.7,1.9,6.14
3239,828-1-22,Sandtjørni,1995-10-20,,,,0.4,0.2,0.15,1.7,1.7,6.26
3241,828-2-25,Grotvatni,1995-10-20,,,,,,0.26,1.7,3.2,6.08
3242,829-1-46,Stestøyltjørni,1995-10-20,0.126,0.09,,4.4,0.2,0.47,7.4,6.5,5.44
3243,829-2-59,Bjørntjørn,1995-10-20,,,,0.2,0.1,0.29,2.6,1.8,5.29
3244,829-4-6,Kviteseidvatnet,1995-10-19,,0.03,,0.5,0.3,0.08,2.2,1.4,6.53
3246,831-1-26,Snotjørnane,1995-10-21,,,0.2,0.2,0.1,0.39,2.2,6.0,5.84
3247,831-2-3,Øvre Selbuvatn,1995-10-28,,,,,,0.61,1.7,4.0,5.14
3248,831-2-15,Grimvatn,1995-10-28,,0.02,0.1,1.7,0.3,0.59,4.5,4.4,5.01
3249,831-2-29,Tussetjørn,1995-10-28,,,,,,0.6,1.6,4.9,5.02
3250,831-2-60,Kråkestøltjørn,1995-10-28,,0.04,,0.4,0.3,0.42,4.5,2.4,5.22
3252,831-3-32,Sandvatnet,1995-10-20,,,,0.3,0.4,0.3,1.8,2.4,5.3
3253,831-4-8,Fyresvatn,1995-10-28,,,,0.4,,0.44,2.2,1.7,5.47
3254,833-1-21,Grunntjørn,1995-09-18,,,,0.5,0.3,0.13,1.7,2.7,6.96
3255,833-2-16,Kambetjørn,1995-09-21,,,,,,0.36,1.4,2.3,5.59
3256,833-2-30,Kjønnesviksvatnet,1995-09-16,,,,,,0.82,1.8,0.85,6.06
3257,833-3-3,Åmlivatn,1995-10-20,,,,,,,,6.5,5.97
3258,834-1-2,Langetjørn,1995-09-21,,,,,,0.29,0.8,1.8,6.52
3259,834-1-6,HOH 1387,1995-09-27,,,,,0.3,0.69,0.3,0.32,6.3
3260,834-2-2,Midtre Supsavatn,1995-09-18,,,,0.3,0.1,0.12,1.3,0.86,5.98
3261,834-2-5,Vonevatn,1995-09-21,,,,,,0.09,,0.87,6.54
3262,834-2-8,Fetveittjørn,1995-09-18,,,,0.4,0.5,0.18,1.5,7.3,7.07
3263,834-2-10,Straumstøltjørn,1995-09-21,,,,,,0.11,0.7,0.49,6.23
3264,834-2-12,Torstjørni,1995-09-21,,,,0.3,0.4,0.14,1.0,1.0,6.25
3265,834-2-18,Såtetjørn,1995-09-21,,,,,,0.12,0.9,0.34,5.72
3266,834-2-26,Vikvatnet,1995-09-18,,,,0.4,0.2,0.13,2.0,2.6,6.61
3267,834-2-28,HOH 1367,1995-09-21,,,,,,0.09,0.5,0.61,6.03
3270,834-3-14,Lognvikvatn,1995-09-18,,,,0.5,0.2,0.09,1.1,2.8,6.83
3271,834-4-5,Totak,1995-09-18,,,,0.6,0.3,0.21,1.8,2.9,6.61
3272,834-4-7,Holmavatnet,1995-09-20,,,,,,0.08,0.9,0.22,6.38
3273,901-1-55,Stavvatn,1995-10-19,0.468,1.07,0.3,0.8,0.7,1.06,11.7,9.6,6.45
3274,901-2-49,Mjåvatnet,1995-10-19,,0.11,0.1,0.5,0.8,0.56,10.4,5.2,5.92
3275,901-3-8,Dalsvatnet,1995-10-19,0.296,0.07,0.1,1.1,0.8,0.46,7.8,4.5,6.52
3277,912-2-4,Simonstadvatnet,1995-10-19,0.357,0.08,0.4,1.0,1.7,0.66,11.4,9.5,5.6
3278,912-2-14,Midtvatnet,1995-10-19,0.396,0.07,0.2,0.9,0.8,0.56,11.3,6.7,5.76
3279,912-2-18,Ljøstadvann,1995-10-19,,0.07,0.1,0.7,0.9,0.35,9.2,7.8,5.52
3280,912-2-27,Ljøsvannet,1995-10-19,0.233,0.05,,0.5,0.7,0.36,6.4,3.6,5.95
3281,912-2-30,HOH 170,1995-10-19,,0.08,0.2,1.0,1.4,0.83,9.7,10.0,5.13
3282,914-1-14,Vålandstjern,1995-10-19,,0.17,0.4,1.0,1.8,0.82,13.1,8.4,6.17
3283,914-1-31,HOH 146,1995-10-19,0.268,0.05,,0.4,0.5,0.39,5.7,4.9,6.19
3285,919-2-19,Ålevatnet,1995-10-19,,0.12,0.3,1.5,1.3,0.51,11.6,5.5,4.98
3286,928-1-17,Krokevatn,1995-10-18,12.66,0.14,0.1,0.5,0.4,1.44,14.5,9.9,4.47
3288,929-1-1,Eiklitjørn,1995-10-18,,0.08,0.2,0.6,0.7,1.25,12.1,2.8,5.38
3289,929-1-5,Berlitjørnane,1995-10-19,0.403,0.06,0.1,0.4,0.4,0.93,9.5,7.7,5.06
3290,929-1-20,Imetjern,1995-10-19,,0.03,,0.4,0.5,0.33,4.3,4.3,5.96
3291,929-1-22,Øytjørn,1995-10-28,0.14,0.02,,,0.1,2.8,2.9,4.3,4.87
3292,929-2-8,Øvre Skålvatn,1995-10-19,0.161,0.09,0.2,0.4,0.5,0.63,9.0,5.6,5.17
3293,929-2-25,Stemmevatn,1995-10-19,,0.11,,0.6,0.3,2.12,7.6,1.7,4.8
3294,929-2-26,Lauvlivatn,1995-10-18,0.359,0.08,0.1,0.3,0.3,1.12,7.3,4.2,4.69
3296,937-2-1,Midtvatnet,1995-10-18,,0.11,,0.7,0.4,1.69,11.7,6.4,4.51
3298,938-1-9,Longeraktjørn,1995-11-01,,0.05,0.1,0.5,0.3,0.84,5.7,2.2,4.68
3299,938-1-23,Kvivotni,1995-10-21,,,,,,1.73,2.1,1.5,5.21
3300,938-1-27,Fånetjørn,1995-10-28,,0.06,,0.5,0.3,1.52,4.7,4.0,4.83
3301,938-1-28,Hovotni,1995-10-21,,,,,0.1,0.39,1.6,4.2,5.0
3302,938-1-29,Beritstjørni,1995-11-01,,0.1,,0.7,0.3,2.23,8.0,4.1,4.58
3303,938-2-10,Skjevlevatni,1995-11-01,0.215,0.02,0.1,,0.2,0.64,3.1,2.7,4.87
3304,938-2-15,Flåvatnet,1995-10-21,,,,,0.2,0.57,2.9,1.1,5.18
3305,938-3-24,Sandsvatnet,1995-10-28,0.13,,,,0.1,0.9,2.8,2.1,4.81
3306,938-4-1,Åraksfjorden,1995-11-01,,,,0.4,0.3,0.28,3.0,2.0,5.57
3307,940-1-4,Urdevotni,1995-10-21,,,,0.3,0.1,0.25,2.5,1.5,5.44
3308,940-1-6,HOH 1220,1995-09-19,,,,,,0.37,1.7,0.21,5.31
3309,940-1-10,HOH 1114,1995-10-21,,0.02,,,,0.53,2.5,1.1,5.08
3310,940-1-11,HOH 1285,1995-09-19,,,,0.2,0.2,0.63,2.2,0.28,5.06
3311,940-1-13,HOH 1238,1995-09-19,,,,,,0.35,1.4,0.21,5.34
3312,940-1-24,HOH 1050,1995-09-21,,,,0.2,0.4,0.24,3.5,0.96,5.59
3313,940-2-33,Hovdevatnet,1995-10-21,,0.03,,,0.2,0.43,3.1,2.5,5.03
3314,940-2-51,Langevatn,1995-10-21,0.22,,,0.2,0.1,0.38,2.0,1.4,5.2
3315,940-2-52,Øvre Krokvatnet,1995-09-19,,0.03,,,0.2,0.37,1.7,0.27,5.25
3316,940-2-53,Ljomsvatnet,1995-10-20,,,,,,0.24,1.6,1.1,5.39
3317,941-1-3,HOH 1110,1995-09-20,,,,,,0.59,,0.33,6.32
3318,941-1-8,HOH 1168,1995-09-20,,,,,0.1,0.18,0.8,0.2,5.88
3319,941-1-15,HOH 1040,1995-09-19,,,,0.2,,0.59,2.2,0.72,5.38
3320,941-1-18,HOH 1260,1995-09-19,,0.03,,,,0.39,0.7,0.21,5.19
3321,941-1-30,HOH 1221,1995-09-19,,,,,,0.45,0.7,0.2,5.26
3322,941-2-2,HOH 1238,1995-09-21,,,,,0.2,0.1,1.9,0.35,5.44
3323,941-2-17,Reinevasstjørni,1995-09-19,,,,,,0.35,1.1,0.2,5.28
3324,941-2-32,HOH 1080,1995-09-19,,,,,,0.32,0.7,0.31,5.35
3325,941-2-34,Den lange tjørni,1995-09-20,,,,0.3,0.1,0.09,0.5,0.32,6.63
3326,941-3-5,Reinevatn,1995-09-19,,,,,0.1,0.25,0.7,0.31,5.65
3327,941-3-12,Breivevatnet,1995-09-28,,,,0.2,,0.21,1.2,1.1,6.49
3328,941-3-13,Ormsavatnet,1995-09-19,,0.07,,0.2,0.6,0.4,5.7,0.2,5.89
3329,941-3-18,Urdevatnet,1995-09-20,,,,,,0.1,0.5,0.2,6.58
3330,941-4-2,Store Urevatn,1995-09-19,,,,,,0.57,1.2,0.2,5.35
3331,1001-1-55,Skeivatnet,1995-10-18,,0.16,0.1,0.8,1.1,1.44,18.0,6.4,6.2
3333,1002-1-62,Vråvatn,1995-10-18,,0.07,1.9,1.2,0.3,0.44,7.6,3.1,5.91
3334,1003-1-16,HOH 130,1995-10-18,,0.11,,0.3,0.8,0.6,9.5,1.7,5.17
3335,1003-1-18,HOH 14,1995-10-18,0.473,0.06,1.0,0.9,0.4,0.25,14.6,2.7,6.37
3336,1003-2-2,Brastadvatnet,1995-10-18,,0.07,0.2,1.3,1.3,0.51,10.5,5.8,7.22
3337,1004-1-2,Engelsvatnet,1995-10-18,,0.12,,0.4,0.5,1.25,11.0,3.3,4.7
3338,1004-1-21,Skultjørnan,1995-10-18,,,3.4,,,1.27,7.1,1.7,4.83
3339,1004-1-22,Skrubbedalstjørna,1995-11-01,,,,0.6,0.3,2.38,5.2,1.3,4.63
3340,1004-2-6,Djupvatnet,1995-10-18,0.821,0.02,0.3,0.3,0.2,0.73,4.3,1.2,4.76
3341,1017-1-14,Gyvatnet,1995-10-18,0.392,0.1,0.3,0.6,0.4,1.22,13.3,4.8,5.15
3342,1017-1-31,Gardvatnet,1995-10-18,,0.06,,0.6,0.3,0.67,5.6,4.0,4.76
3343,1021-1-27,Grunnevatnet,1995-10-18,0.27,0.08,0.2,0.6,0.4,1.37,9.5,5.6,4.84
3344,1021-1-61,Kringlevatnet,1995-10-18,,0.26,0.5,1.5,0.7,1.42,13.6,7.5,5.88
3345,1026-1-6,HOH 737,1995-11-01,0.208,0.04,0.1,0.6,0.2,1.37,5.3,3.2,4.57
3346,1026-1-10,HOH 875,1995-10-21,,,,0.4,,0.64,4.9,1.3,5.1
3347,1026-2-10,Kjosevatn,1995-11-01,,0.05,0.2,0.5,0.3,1.16,7.1,3.9,4.76
3348,1026-2-20,Storevatn,1995-10-21,,0.03,,0.3,0.2,0.89,5.0,4.3,4.7
3349,1026-2-25,Storevatnet,1995-11-01,0.39,0.07,0.2,0.6,0.2,1.64,7.0,5.8,4.67
3350,1026-2-27,Storevatn,1995-10-21,0.16,,,0.3,,0.38,1.6,2.5,5.0
3351,1026-2-28,Sandvatn,1995-10-21,,,0.1,0.3,,0.53,1.6,0.62,4.97
3352,1026-3-3,Langevatn,1995-10-21,,,,0.5,0.2,0.47,5.1,2.1,5.05
3353,1026-3-18,Storevatnet,1995-11-01,0.177,0.03,,0.3,0.1,5.79,3.9,0.41,4.74
3354,1026-3-19,Ljoslandsvatnet,1995-11-01,,0.03,,0.4,0.2,0.61,4.4,3.4,5.4
3355,1029-1-26,Vassåkervatnet,1995-10-18,0.366,0.12,0.2,0.6,0.5,0.79,13.1,1.9,5.42
3356,1032-2-4,Jovatnet,1995-10-18,,0.11,,0.3,0.2,0.81,11.3,2.4,4.99
3357,1032-2-13,Hagevatnet,1995-10-18,0.223,0.09,0.1,0.4,0.4,0.77,7.5,3.9,4.76
3358,1034-1-4,Grantjørni,1995-11-01,0.454,0.04,0.1,0.5,0.2,1.67,5.5,6.2,4.54
3359,1034-2-7,Surtevatnet,1995-11-01,0.379,0.04,,0.7,0.2,1.69,5.3,3.9,4.57
3360,1034-2-22,Bjønnvatn,1995-11-01,,0.04,,0.3,0.2,1.25,9.5,4.7,4.75
3361,1037-1-9,HOH 619,1995-11-01,0.257,0.03,,0.3,0.1,3.44,4.1,4.9,4.6
3362,1037-1-13,Husbrytjørn,1995-10-18,,0.06,0.2,0.4,0.4,1.75,7.7,7.9,4.61
3363,1037-2-14,Hellartjern,1995-11-01,0.205,0.03,,0.3,,13.65,4.0,3.5,4.74
3365,1046-1-8,Småtjørnan,1995-11-01,0.41,0.03,,0.4,0.2,2.05,5.2,5.7,4.53
3366,1046-1-11,HOH 573,1995-11-01,,0.06,,0.2,0.2,1.63,3.4,1.9,4.77
3367,1046-1-12,HOH 760,1995-11-01,0.135,0.02,,0.7,0.1,1.5,2.5,2.0,4.69
3368,1046-1-15,HOH 1041,1995-10-21,,0.03,,,0.1,0.68,19.0,0.46,4.89
3369,1046-1-20,Litle Svartevatnet,1995-11-01,0.217,0.04,,0.7,0.2,2.43,3.7,3.6,4.7
3370,1046-1-24,HOH 944,1995-10-21,,,,,,0.44,1.4,0.62,4.95
3371,1046-1-29,Hyttevatnan,1995-11-01,,,,0.2,0.1,1.99,5.6,1.7,4.85
3372,1046-1-30,HOH 739,1995-11-01,,0.03,,0.6,0.2,2.11,3.1,1.1,4.84
3373,1046-1-33,HOH 850,1995-11-01,,0.04,,0.2,0.3,1.01,5.5,1.3,4.77
3374,1046-2-9,HOH 860,1995-10-21,0.11,,,0.5,0.2,0.69,1.9,1.6,5.0
3375,1046-2-12,Indre Skeidsvatn,1995-11-01,0.13,,,0.5,0.2,14.97,1.7,1.2,4.95
3376,1046-2-15,Krokevatn,1995-10-21,0.184,,,,,0.76,2.4,1.3,4.95
3377,1046-2-17,Åsmundsvatnet,1995-11-01,,0.04,,0.5,0.3,1.24,9.1,3.8,4.75
3378,1046-2-21,Falketjørnene,1995-10-21,,,,,,0.52,2.3,1.4,4.89
3379,1046-2-23,Vassfellet,1995-10-21,,,,,,0.31,1.0,1.2,4.95
3380,1046-2-24,Flåvatnet,1995-11-01,,0.03,,0.4,0.2,1.52,4.3,4.5,4.66
3381,1046-2-30,Avedalsvatnet,1995-11-01,0.112,0.02,,,0.2,0.94,3.1,4.8,4.71
3382,1046-3-9,Guddilsvatnet,1995-10-21,,0.08,,0.2,0.3,0.6,3.6,1.3,4.96
3383,1046-3-15,Storavatnet,1995-10-21,0.135,,,,0.1,0.36,2.1,1.0,4.97
3384,1046-3-17,Degjevatnet,1995-10-21,,0.06,,0.2,0.2,0.73,3.1,0.49,4.94
3385,1046-3-20,Bjørnestadvatnet,1995-11-01,0.175,0.03,,,0.2,7.04,4.1,1.9,4.78
3386,1046-3-21,Langavatn,1995-11-01,,0.02,,0.3,0.2,0.86,11.6,1.3,4.86
3387,1101-3-8,Revsvatnet,1995-11-01,0.155,0.05,,,0.3,0.82,6.7,0.2,4.9
3388,1102-1-35,Auratjørna,1995-11-01,,0.02,,,0.2,0.37,3.6,1.2,5.05
3389,1102-2-14,Skjelbreidtjørna,1995-11-01,,0.08,,0.7,0.3,0.35,5.6,3.3,6.58
3390,1111-1-1,Øygardstjørna,1995-11-01,,0.04,0.1,0.3,0.4,0.74,5.2,1.9,6.51
3391,1112-1-10,Saurtjørni,1995-11-01,,0.08,,0.3,0.3,0.8,40.6,3.0,4.62
3392,1112-2-7,Glessjor,1995-11-01,0.181,0.05,,,0.3,0.77,5.3,0.84,4.94
3393,1112-4-1,Lundevatnet,1995-11-01,,0.06,,0.4,0.3,0.58,5.6,1.2,5.04
3394,1114-1-7,Hellevatnet,1995-10-31,,0.04,,,0.3,0.9,5.5,1.8,4.98
3395,1114-1-8,HOH 710,1995-11-01,0.111,0.02,,,0.2,1.64,3.3,1.8,4.82
3396,1114-1-21,Holatjørni,1995-11-01,,0.06,,0.2,0.3,1.24,4.4,1.3,4.78
3397,1114-1-33,HOH 690,1995-11-01,0.137,,,,0.2,2.37,3.0,1.8,4.82
3398,1114-2-4,HOH 712,1995-11-01,,0.07,0.2,0.3,0.5,1.19,5.1,1.5,4.78
3399,1114-2-25,Butjørnane,1995-11-01,,0.02,,,0.2,0.32,3.3,1.8,5.2
3400,1114-3-2,Røyslandsvatnet,1995-10-31,,0.07,0.1,0.4,0.4,0.48,4.8,1.7,6.18
3401,1114-3-4,Hofreistævatnet,1995-10-31,0.103,0.03,,,0.2,0.48,4.1,1.0,5.56
3402,1114-3-10,Indra Vinjavatnet,1995-10-31,,0.12,3.0,1.5,1.2,0.5,11.5,1.2,5.98
3403,1119-1-25,Lauvåsvatnet,1995-11-01,0.24,0.05,0.1,0.7,0.2,0.52,9.6,1.4,5.38
3404,1120-3-1,Horpestadvatnet,1995-11-01,0.282,,0.2,1.4,1.9,0.18,3.8,5.4,7.23
3405,1121-2-17,Snorestadtjørnane,1995-11-01,,0.04,0.8,2.3,0.7,0.87,7.1,2.4,4.94
3406,1122-1-2,HOH 850,1995-11-01,,0.03,,,0.2,2.13,6.5,1.0,4.87
3407,1122-1-3,HOH 770,1995-10-31,0.102,0.03,,,0.1,1.12,3.4,1.5,4.75
3408,1122-1-4,Kalvedalsvatnet,1995-10-31,,0.03,,0.3,0.2,0.95,4.4,1.3,4.81
3409,1122-1-12,Langatjørn,1995-11-01,,0.04,,,0.3,1.09,3.6,0.54,4.89
3410,1122-1-16,Kringlelitjørna,1995-11-01,0.124,0.03,,,0.2,0.38,4.2,3.3,5.53
3411,1122-1-31,Holmavatnet,1995-10-31,,,,,0.2,0.79,4.5,1.7,5.18
3412,1122-2-2,HOH 941,1995-11-01,,0.03,,,0.1,7.8,2.8,0.6,4.87
3413,1122-2-18,Øvre Bergsvatnet,1995-11-01,,0.05,,,0.2,0.63,5.8,1.1,5.12
3415,1129-1-15,Reinstjørn,1995-09-19,,,,,,0.56,2.1,0.28,5.04
3416,1129-1-23,HOH 1102,1995-09-19,0.129,,,,,0.41,0.4,0.2,5.11
3417,1129-1-28,Kleggadalsvatn,1995-09-19,,,,0.3,0.1,0.43,4.0,0.4,5.52
3418,1129-1-32,Oalandstjørna,1995-10-31,,,,,0.1,0.17,1.9,2.9,6.15
3419,1129-1-36,HOH 1061,1995-09-19,,,,,,0.34,2.4,0.22,5.45
3420,1129-2-3,Søre Erevikvatnet,1995-10-31,,,,0.4,0.3,0.15,3.3,2.7,6.7
3421,1129-2-9,HOH 967,1995-09-19,,,,,0.1,0.39,2.3,0.31,5.51
3422,1129-2-11,Troppevatnet,1995-10-31,0.152,,,,0.1,0.41,2.2,1.5,5.22
3423,1129-2-12,HOH 1029,1995-09-19,,0.04,0.1,,0.2,0.51,2.1,0.21,5.08
3424,1129-2-15,Vongsatjørnane,1995-10-21,,,,,,0.57,1.3,0.38,5.25
3425,1129-2-28,Rundatjørna,1995-10-21,,0.02,0.1,0.2,0.2,0.64,5.2,1.3,5.25
3426,1129-2-53,Svartavatnet,1995-10-21,,,,,,0.34,0.9,0.88,5.15
3427,1129-3-15,Haukalivatnet,1995-10-31,,,,,0.1,0.12,2.0,1.2,6.03
3428,1130-3-14,Vostervatnet,1995-10-31,,,0.2,0.6,0.5,0.08,1.4,2.7,6.88
3429,1133-1-18,HOH 920,1995-10-21,,,,,0.2,0.36,1.3,0.78,4.97
3430,1133-1-24,Eikelivatnet,1995-10-31,,0.02,,0.5,0.1,0.21,2.7,1.5,6.15
3431,1133-1-30,HOH 1080,1995-09-19,,,,,,0.45,0.6,0.2,5.28
3432,1133-2-1,Heimra Svartavatnet,1995-09-20,,,0.2,0.7,0.5,0.34,2.9,1.2,6.09
3433,1133-2-16,Holmavatnet,1995-09-19,,,,,,0.39,1.1,0.23,5.38
3434,1133-2-23,HOH 1111,1995-09-19,,,0.1,0.5,,0.27,1.8,0.2,5.17
3435,1133-2-29,Brokavatnet,1995-10-21,,,,,0.1,0.38,1.5,1.3,5.26
3436,1133-2-603,Ø.Tysdalsvatn,1995-10-31,,,,,,,,1.0,6.13
3437,1134-1-27,HOH 1250,1995-09-20,,,0.2,0.3,0.4,0.23,0.7,0.22,5.62
3438,1134-2-8,Leirdålsvatna,1995-09-20,,,0.2,0.2,0.5,0.36,1.0,0.2,5.43
3439,1134-2-24,Heimsvatnet,1995-09-20,,,,0.4,0.5,0.3,2.8,2.3,5.44
3440,1134-3-6,Kaldevatn,1995-09-20,,,,,,0.13,0.4,0.2,5.91
3441,1135-1-19,Breiborgvatnet,1995-09-20,,,,,,0.09,0.7,0.3,5.77
3442,1135-2-10,Løyndardalsvatnet,1995-11-03,,,0.1,0.2,0.1,0.42,1.7,0.38,5.23
3443,1135-2-13,Søre Dyrskardsvatnet,1995-11-03,,,,0.2,0.1,1.78,1.4,0.2,5.19
3444,1135-3-3,Førstadvatnet,1995-09-20,,0.03,0.2,0.3,0.5,0.34,2.0,0.26,5.42
3445,1146-1-5,Bongsatjørna,1995-10-31,,0.04,1.5,2.4,4.0,0.39,11.3,0.25,6.93
3446,1146-1-26,Lauvskardvatnet,1995-10-31,0.27,0.05,,0.2,0.2,0.83,8.4,3.5,6.64
3447,1146-2-6,Ådnavatnet,1995-10-31,0.243,0.04,,0.4,0.4,0.42,8.2,2.5,5.03
3448,1146-2-19,Nordre Vadvatnet,1995-10-31,0.401,0.06,0.1,0.8,0.2,1.68,8.9,7.1,5.15
3449,1146-2-22,Gåsavatnet,1995-10-31,,,,,,,,7.6,4.65
3450,1149-1-6,Steinsvatnet,1995-10-31,,0.03,0.3,1.4,0.6,0.34,4.0,4.1,6.93
3451,1149-2-26,Heiavatnet,1995-10-31,0.222,,,0.6,0.7,0.2,3.0,5.3,7.16
3452,1154-3-9,Gjerdesdalsvatnet,1995-10-31,0.109,,0.1,0.3,0.3,0.38,2.1,1.1,6.48
3453,1154-3-16,Fjellgardsvatnet,1995-10-31,0.199,0.03,,0.4,0.3,0.68,2.9,1.2,5.7
3454,1201-1-36,Storavatnet,1995-10-31,0.144,0.04,,0.5,0.2,0.26,5.0,4.7,6.18
3455,1201-1-45,Stemmevatnet,1995-10-31,,0.02,,1.1,0.4,10.13,4.7,1.8,5.23
3456,1211-1-11,Vierdalsvatnet (Skålnesv.),1995-11-03,,,,,,0.48,1.4,0.59,5.98
3457,1211-1-26,HOH 914,1995-11-03,,,,,,2.48,1.6,0.36,5.03
3458,1216-2-12,Krossvikevatnet,1995-10-31,,0.04,0.6,0.3,0.4,0.31,4.0,5.6,6.1
3459,1216-2-13,Mannavatnet,1995-10-31,0.132,,,1.0,0.3,0.14,4.3,5.9,6.87
3460,1216-3-5,Vigdarvatnet,1995-10-31,,,,0.5,0.2,0.15,4.0,2.8,6.58
3461,1216-3-11,Storavatnet,1995-10-31,,0.03,0.2,0.5,0.7,0.18,5.9,3.6,6.49
3462,1219-1-2,Grindavatnet,1995-10-31,,,0.1,0.2,0.4,0.23,3.2,6.2,5.71
3463,1219-1-22,Stemmevatnet,1995-10-31,,0.03,0.4,0.3,0.8,0.34,3.6,9.2,6.77
3464,1219-1-29,Eriksvatnet,1995-10-31,0.26,,0.2,0.7,0.4,0.19,2.3,5.0,7.46
3465,1223-1-40,Øvre Vermedalsvatn,1995-10-31,3.391,,2.9,4.4,1.4,0.33,3.6,4.1,5.92
3466,1223-2-37,Skartveitvatnet,1995-10-31,,0.03,1.8,0.5,0.3,0.25,7.0,3.6,5.44
3467,1224-1-31,Hammarsvatnet,1995-10-31,,0.04,2.0,0.3,0.3,0.31,3.2,4.2,6.52
3468,1224-2-14,HOH 1051,1995-11-03,1.137,0.03,1.9,3.1,0.5,3.22,2.2,0.2,4.97
3469,1224-2-25,Mannsvatnet,1995-11-03,,0.03,1.7,,0.2,0.49,2.8,1.5,5.48
3470,1224-2-26,Sandvatna,1995-11-03,1.112,,1.3,2.5,0.4,1.7,2.2,0.73,5.73
3471,1224-2-30,Insta Bukkaspelvatnet,1995-10-31,,,1.4,0.7,,0.28,1.8,0.21,5.31
3472,1224-2-39,Tveitedalsvatnet,1995-10-31,,,,,,0.19,0.8,1.2,5.21
3473,1224-3-12,Myrdalsvatnet,1995-10-31,,,0.9,1.9,0.1,0.21,1.6,1.3,5.47
3474,1228-1-12,HOH 1367,1995-09-21,,,0.9,1.7,,0.49,1.1,0.2,5.3
3475,1228-1-13,HOH 1263,1995-09-21,,,1.2,,0.4,0.09,1.1,0.55,5.79
3476,1228-1-21,Litlavatn,1995-09-21,,,1.2,,0.4,0.27,1.4,0.2,5.38
3477,1228-1-42,HOH 1166,1995-11-03,1.904,,0.5,1.6,0.2,4.51,2.0,0.3,6.03
3478,1228-2-9,HOH 1110,1995-11-03,,,,,,,,0.26,5.08
3479,1228-3-4,Kaldevatn,1995-09-21,,0.02,0.8,2.2,0.9,0.22,2.7,0.26,5.41
3480,1228-3-8,Reinsnosvatnet,1995-09-21,1.112,,0.4,1.4,,0.22,1.4,0.33,5.43
3482,1231-1-7,HOH 1342,1995-09-21,,,0.5,1.2,0.6,0.06,1.1,0.44,6.46
3483,1231-1-9,HOH 1274,1995-09-21,,,0.3,1.3,0.5,0.12,1.8,0.5,5.49
3484,1231-1-14,HOH 1253,1995-10-31,,0.02,0.5,0.5,0.2,0.05,1.0,1.0,6.81
3485,1231-2-2,Kjølo,1995-10-31,0.189,,0.4,1.2,0.1,0.06,1.3,0.43,6.99
3486,1231-2-7,HOH 1343,1995-10-29,,,0.4,0.4,0.6,0.43,2.6,0.42,5.82
3487,1231-2-24,Trollavatnet,1995-10-31,0.651,,0.3,1.2,0.2,0.05,1.2,0.47,6.6
3488,1231-3-20,Litlosvatnet,1995-10-29,0.369,,0.2,1.1,0.2,0.36,0.9,0.27,6.64
3489,1232-1-3,HOH 1200,1995-09-17,,0.03,0.3,,,0.13,1.2,0.22,6.3
3490,1232-1-4,HOH 1324,1995-09-21,,0.03,0.1,0.3,0.1,0.46,3.6,0.22,6.24
3491,1232-1-37,HOH 1360,1995-09-17,,,,0.3,0.6,0.27,2.0,0.2,5.84
3492,1232-2-1,Inste Olavsbuvatni,1995-09-17,,0.03,,0.3,0.7,0.19,2.6,0.21,6.58
3493,1232-3-18,Nordvatnet,1995-10-29,,0.04,,0.7,1.7,0.12,2.1,1.0,6.52
3494,1233-1-10,HOH 1240,1995-09-17,0.561,0.03,0.3,1.2,0.5,0.11,3.2,0.2,6.36
3495,1233-2-15,HOH 1232,1995-09-17,,,,,0.3,0.13,5.4,0.1,6.44
3496,1233-2-27,Kvannjolvatnet,1995-09-16,,0.06,,0.7,0.7,0.36,1.6,0.1,5.57
3497,1233-2-31,HOH 1410,1995-09-16,,0.02,0.2,0.9,0.4,0.14,1.5,0.2,6.62
3498,1234-3-2,Granvinsvatnet,1995-09-16,0.179,0.02,0.3,1.1,0.3,0.11,3.1,1.5,6.22
3499,1235-1-8,HOH 1241,1995-09-16,0.277,0.03,0.2,1.5,,0.38,8.1,0.2,5.58
3500,1235-1-30,HOH 1056,1995-09-16,,0.06,0.2,0.8,0.1,0.15,1.2,0.2,5.87
3501,1235-2-32,HOH 1167,1995-09-16,,0.03,0.1,,0.1,0.4,1.8,0.2,5.34
3502,1235-2-38,Grønlivatnet,1995-09-16,0.131,,,0.4,0.6,0.1,2.5,1.3,6.4
3503,1235-3-14,Storavatnet,1995-09-16,,0.05,,0.3,,0.5,2.2,0.2,5.27
3504,1238-2-23,Øyjordsvatnet,1995-09-16,,0.02,0.3,0.8,1.2,0.16,2.1,3.7,6.85
3505,1238-2-42,Djupebottvatnet,1995-09-16,,0.04,,,,0.32,1.8,0.2,5.4
3506,1238-3-15,Myklavatnet,1995-09-16,,0.03,,6.7,,0.44,8.5,0.2,5.26
3507,1241-1-18,Svinasteinstjørna,1995-10-31,,,,0.7,0.7,0.16,0.4,2.3,7.35
3508,1241-2-41,Skjelbreidvatnet,1995-10-31,,0.04,0.7,0.6,0.6,0.44,2.8,3.0,6.18
3509,1242-2-3,Fiskevatnet,1995-10-31,,,,0.3,0.1,0.23,1.5,1.2,5.42
3510,1246-1-15,Kvernavatnet,1995-10-31,0.166,,,,,0.14,3.6,5.9,5.96
3511,1251-1-1,Tjørnadalsvatnet,1995-09-16,,,,0.2,,0.37,1.0,0.31,5.72
3512,1252-2-8,HOH 1019,1995-09-16,,,,0.3,,0.3,1.1,0.2,5.23
3513,1252-2-21,Nedre Sørdalsvatnet,1995-09-16,,,,0.4,,0.11,0.8,0.21,5.62
3514,1256-3-13,Storavatnet,1995-10-31,,0.03,,0.6,0.9,0.32,5.1,2.9,5.66
3515,1260-2-20,Færevatnet,1995-10-31,,0.02,1.2,0.6,1.3,0.52,5.0,8.9,5.2
3516,1260-2-28,Kvalheimsvatnet,1995-10-31,0.307,,,0.3,0.3,0.52,6.9,15.4,5.63
3517,1263-2-33,Hundvensvatnet,1995-10-31,,0.05,0.2,2.5,0.8,0.33,6.9,5.9,6.36
3518,1263-2-36,Sandvikavatnet,1995-10-31,,,,,0.3,0.09,3.6,2.8,6.46
3519,1266-1-24,HOH 800,1995-09-16,,0.07,,0.3,0.1,0.34,3.3,0.63,5.44
3520,1266-2-6,Nordrevotni,1995-09-16,,0.04,,,,0.45,1.2,0.2,5.26
3521,1266-2-10,Svadfjellvatni,1995-09-16,0.12,0.02,,0.2,,0.43,6.2,0.2,5.2
3522,1266-2-11,Harekupvatnet,1995-09-16,,0.1,,0.2,,0.42,1.1,0.2,5.41
3523,1266-2-35,Klefjellvatni,1995-10-31,0.11,0.02,0.1,0.2,0.1,0.44,2.1,1.7,4.94
3524,1401-1-8,Urdavatnet,1995-10-30,,0.03,,0.2,0.1,0.21,1.6,3.2,5.27
3525,1401-1-27,HOH 530,1995-10-30,,,,,0.1,0.45,1.8,0.63,5.17
3526,1411-1-10,Maletjørna,1995-10-31,,0.06,,0.3,0.4,0.67,3.9,4.2,6.58
3527,1412-1-9,Gardavatnet,1995-10-31,,0.02,,,0.1,0.29,2.4,2.5,5.62
3528,1412-1-19,Krokevatnet,1995-10-31,,0.04,,0.7,0.3,0.32,3.6,2.0,6.6
3529,1412-2-7,Engevikvatnet,1995-10-31,,0.05,0.8,0.4,0.9,0.69,4.0,2.2,5.16
3530,1413-1-33,Gåsevatnet,1995-10-30,,,0.2,0.3,0.4,0.45,1.4,5.3,5.8
3531,1416-1-3,Tirskardvatnet,1995-09-16,,,,,,0.23,1.0,1.1,5.7
3532,1416-1-21,Dyttingane,1995-09-16,,,,0.3,,0.3,1.3,3.7,5.57
3533,1416-2-27,HOH 761,1995-09-16,,,,,,0.18,0.7,0.69,5.69
3534,1416-2-28,HOH 729,1995-09-16,,,,,,0.35,2.0,0.71,5.34
3535,1417-1-29,HOH 1171,1995-09-16,,0.05,,0.4,0.2,0.17,2.0,0.3,5.97
3536,1420-1-1,Kollsetervatnet,1995-09-17,,,,0.3,0.3,0.14,1.8,1.6,6.33
3537,1420-2-12,Storavatnet,1995-09-17,,,,0.4,0.6,0.08,0.9,2.0,6.96
3538,1420-3-20,Dalavatnet,1995-09-17,,0.06,,0.3,,0.07,1.6,0.45,6.27
3539,1421-1-11,HOH 1036,1995-09-16,,0.05,,1.0,0.7,0.17,3.7,0.25,6.2
3541,1421-1-26,Øvre Leitevatnet,1995-09-17,,,,,,0.14,2.0,0.23,5.92
3542,1421-2-15,Øv.Sleipåvotni,1995-09-17,,,,,,0.13,0.7,0.25,5.69
3543,1421-2-31,Sleipåvotni,1995-09-17,,0.04,,0.4,0.2,0.14,0.7,0.34,5.94
3544,1421-3-13,Store Liavatnet,1995-09-17,,,,,,0.12,0.8,0.26,5.67
3545,1421-3-24,HOH 1455,1995-09-16,,0.02,,,0.2,0.08,0.8,0.2,6.37
3546,1421-3-26,Norddalsvatnet,1995-09-17,,,,2.5,0.2,0.09,25.2,0.26,6.08
3547,1421-3-30,Hednedalsvatnet,1995-09-16,,,,0.3,,0.19,1.5,0.26,5.8
3548,1422-1-2,HOH 1539,1995-09-17,,,,0.4,0.1,0.08,0.8,0.55,6.28
3549,1422-1-4,Fossavotni,1995-09-17,,,,,0.1,0.1,0.8,0.28,6.16
3550,1422-2-19,Langetjørnane,1995-09-18,,,,0.2,0.1,0.06,1.1,0.24,6.28
3551,1422-2-25,Æråkstjørni,1995-09-18,,0.04,0.6,0.2,0.3,0.05,0.8,0.62,6.62
3552,1422-3-18,Starsjøen,1995-09-17,,,,0.4,0.1,0.11,4.3,0.33,6.17
3553,1424-1-12,Fjellvatnet,1995-09-18,,,,,0.9,0.07,0.7,0.25,6.15
3554,1424-1-14,Reinsgravtjørni,1995-09-18,,,,0.6,0.4,0.13,2.4,0.65,6.94
3555,1424-2-11,HOH 1430,1995-09-17,,,,,,0.16,0.8,0.2,5.63
3556,1424-2-30,Hyttedalsvatnet,1995-09-17,,0.1,,,0.1,0.07,1.1,0.27,6.29
3557,1426-1-6,HOH 1335,1995-09-17,,,,,,0.05,0.3,0.28,6.17
3558,1426-1-22,HOH 1475,1995-09-17,,,,0.4,0.8,0.12,0.8,0.2,5.63
3559,1426-1-23,Røykjedalsvatnet,1995-09-17,,,,0.2,,0.09,0.5,0.2,5.95
3560,1426-2-13,HOH 1488,1995-09-18,,,,0.3,,0.17,0.8,0.2,5.92
3561,1426-2-22,Nedre Mjølkedalstjørn,1995-09-18,,,,0.5,0.1,0.09,1.4,0.2,6.06
3562,1426-3-19,Åsetvatnet,1995-09-17,,0.04,0.1,0.4,0.7,0.06,1.6,0.34,6.55
3563,1428-1-18,Tobbedalsvatnet,1995-10-30,,0.02,,0.3,0.2,0.53,1.9,0.43,5.21
3564,1428-2-32,Sætrevatnet,1995-10-30,,0.04,,0.5,0.3,0.62,3.7,3.1,5.34
3565,1428-3-7,Hærlandsvatnet,1995-10-30,,,,0.3,0.3,0.58,2.7,3.7,4.9
3566,1429-2-10,Botnatjørna,1995-10-30,,,,,,0.23,1.0,5.4,4.89
3567,1430-1-13,Jakobsvatnet,1995-09-16,,,,,,0.3,0.9,0.36,6.01
3568,1430-1-65,HOH 520,1995-09-16,,,,0.3,0.1,0.28,1.7,3.6,5.4
3569,1431-2-5,Gjesdalsvatnet,1995-09-16,,,,,,0.1,1.3,0.32,5.99
3570,1431-2-26,HOH 1308,1995-09-16,,,,,0.1,0.12,1.7,0.2,5.63
3571,1431-2-35,Håheimsvatnet,1995-09-16,,,,0.3,0.1,0.12,2.2,1.0,5.94
3573,1431-4-6,Jølstravatnet,1995-09-16,,0.02,,,0.1,0.05,4.0,0.6,6.18
3574,1432-1-7,Nordvatnet,1995-09-16,,,,,,0.08,0.4,0.26,5.77
3575,1432-1-25,Nes-Isvatnet,1995-09-16,,,,0.3,0.1,0.15,0.7,0.2,5.68
3577,1432-3-15,Gjerlands-Isvatnet,1995-09-16,,,,,,0.26,1.2,0.25,5.38
3578,1433-1-37,Svartevatnet,1995-09-17,,0.02,,0.6,0.6,0.22,1.5,2.0,6.39
3579,1433-3-23,Trodalsvatnet,1995-09-16,,,,0.4,,0.21,1.8,0.81,5.5
3580,1438-2-23,L. Snønykevatnet,1995-09-16,,,,,,0.5,1.2,0.21,5.34
3581,1438-2-59,Sørdalsvatnet,1995-10-30,,,,,0.2,0.24,1.4,1.1,5.6
3582,1438-3-1,Handklevatnet,1995-10-30,,0.04,,,0.2,0.5,2.1,0.35,5.25
3583,1441-3-29,Dalsbøvatnet,1995-10-30,,0.02,,0.4,0.1,0.1,1.3,3.1,6.46
3584,1443-1-40,Byrjevatnet,1995-09-17,,,,0.3,,0.11,0.8,1.7,6.39
3585,1445-2-3,Vardevatnet,1995-09-16,,,,0.3,0.2,0.2,2.5,0.27,5.68
3586,1445-2-8,Skjerdalsvatnet,1995-09-16,,,,,,0.07,,0.28,6.09
3587,1445-2-9,Blådalsvatnet,1995-09-16,,0.02,,0.4,0.3,0.22,0.9,0.2,6.12
3588,1445-2-21,Traudalsvatnet,1995-09-16,,,,,,0.04,,0.45,6.35
3589,1449-4-2,Lovatnet,1995-09-17,,,0.3,0.6,0.2,0.12,0.9,0.33,6.5
3590,1502-1-25,Årsetvatn,1995-10-29,,,,,,0.1,0.6,6.8,6.18
3591,1504-1-13,Svartevatnet,1995-10-29,,,0.2,0.3,0.2,0.13,1.5,3.7,6.65
3592,1511-1-7,Vassdalsvatnet,1995-10-30,,,,,0.1,0.05,0.4,1.2,6.29
3593,1511-3-13,Myrkevatnet,1995-09-17,,0.06,0.2,0.3,0.3,0.19,1.1,0.36,6.06
3594,1519-3-10,Rotevatnet,1995-09-17,,,,0.3,0.4,0.06,2.3,2.8,6.78
3595,1520-1-5,Urdvatn,1995-09-17,,0.04,,0.2,0.2,,0.5,0.27,6.63
3596,1524-2-17,Gullakoppen,1995-10-30,,,,,,0.05,,0.26,6.52
3597,1525-1-12,Nykkjevatn,1995-09-17,,,,,,0.05,,0.54,6.5
3598,1525-2-601,Heimste Vesteråsvatnet,1995-09-17,,,,,,,,0.29,6.49
3599,1525-3-7,Vatnedalsvatnet,1995-11-29,,0.03,0.1,0.2,0.1,0.08,0.4,0.2,6.0
3600,1526-2-13,Litlevatnet,1995-10-30,,0.02,,0.4,0.3,0.1,1.9,0.65,6.78
3601,1529-3-5,Engsetvatnet,1995-10-30,,,,,,0.06,0.4,2.4,6.58
3602,1535-2-10,S. Oterskarvatn,1995-10-30,,,0.1,0.4,0.2,0.08,0.6,3.4,6.32
3603,1539-1-1,HOH 1060,1995-10-29,,,,,,0.07,,0.3,6.23
3604,1539-1-3,Kalkdhøtjørni,1995-10-29,,,,0.2,,0.06,,0.81,6.47
3605,1539-2-6,Øspevatn,1995-10-29,,,,,,0.07,,0.36,6.48
3606,1539-2-11,Kråkenesvatna,1995-10-29,,0.09,0.1,0.3,,0.09,0.6,0.32,6.32
3607,1543-1-2,Klappvatn,1995-10-29,,0.03,,0.4,0.2,0.13,1.4,5.8,6.27
3608,1543-2-7,Nordre Isløyptjørna,1995-10-29,,,,0.2,,0.1,0.5,0.2,6.4
3609,1563-1-4,Meskardvatnet,1995-09-18,,,,0.4,,0.04,1.0,0.45,6.24
3610,1563-2-1,Nedre Håkådalsvatnet,1995-09-18,,,,,,0.06,,0.21,6.58
3611,1563-3-6,Storvatnet,1995-09-18,,,,,,0.05,3.1,0.2,6.38
3612,1566-1-9,Grytvatnet,1995-10-30,,,,0.7,1.0,0.17,0.7,3.6,6.65
3613,1566-1-10,Damtjørna,1995-10-30,,,,,0.2,0.11,,3.0,7.58
3614,1566-2-16,Holmevatnet,1995-10-30,,,,,0.2,0.18,,3.6,6.61
3616,1569-1-8,Vasslivatnet,1995-10-30,,0.08,,0.9,0.3,0.21,1.5,3.6,6.33
3617,1569-2-4,Åkvikvatnet,1995-10-30,,,0.2,0.4,0.3,0.19,1.0,7.2,6.1
3618,1569-2-14,Rostolvatnet,1995-10-30,,0.04,0.1,0.2,0.1,0.12,1.0,1.9,6.36
3619,1572-2-15,Linnvågvatnet,1995-10-30,,,0.2,0.4,0.2,0.27,1.3,9.2,5.88
3620,1612-3-12,Heimsvatnet,1995-10-30,,,0.4,0.8,0.6,0.19,1.4,6.9,6.47
3621,1613-1-18,Botntjørna,1995-10-30,,,,,0.1,0.13,0.7,5.4,5.54
3622,1613-2-7,HOH 676,1995-10-30,,0.03,0.2,0.3,0.2,0.29,2.6,1.8,5.62
3632,1622-1-17,Holtvatnet,1995-10-30,,,0.1,0.2,0.2,0.13,1.7,4.7,5.31
3633,1622-2-5,Lauvvatnet,1995-10-30,,,,0.2,0.1,0.09,0.5,4.5,6.31
3634,1624-1-23,Sørvikvatnet,1995-09-19,,,0.5,1.0,0.4,0.31,1.8,11.9,5.78
3635,1627-2-12,Ryvatnet,1995-09-19,,,0.3,0.9,0.4,0.08,1.0,6.6,6.79
3636,1630-1-19,Åsmundvatnet,1995-09-19,2.052,,0.8,2.2,1.2,0.97,3.4,14.2,7.09
3637,1630-2-14,Holmvatnet,1995-09-19,,,0.1,0.3,,0.25,1.1,2.9,5.82
3638,1630-2-20,Torsteinvatnet,1995-09-19,,,,0.3,0.3,0.14,1.7,1.9,5.87
3639,1632-2-1,Storheitjørnin,1995-09-19,0.102,,,0.4,0.2,0.62,1.0,2.2,6.18
3640,1634-1-8,Sattja,1995-09-18,,,,0.2,,0.11,0.7,1.2,6.58
3641,1634-1-14,HOH 950,1995-09-18,,0.02,,,0.2,0.04,0.5,1.5,6.74
3642,1634-1-20,HOH 1057,1995-09-18,,,,0.3,0.2,0.05,0.7,0.31,6.02
3643,1634-3-2,Orkelsjøen,1995-09-20,,,,1.2,0.4,0.09,0.3,0.78,7.27
3644,1634-3-5,Ångardsvatnet,1995-09-18,,,0.1,0.6,0.3,0.05,0.4,1.3,6.8
3645,1636-1-6,Litleholtvatnet,1995-09-18,,0.02,0.1,0.9,1.4,0.1,0.8,3.3,7.07
3646,1636-1-15,Snipvatna,1995-09-18,0.469,0.03,,1.5,0.7,0.14,10.6,2.0,7.46
3647,1638-1-16,Midtvatnet,1995-10-30,,,0.2,0.4,0.2,0.11,0.7,3.7,6.1
3648,1638-2-3,Husdalsvatnet,1995-10-30,,,0.3,0.6,0.6,0.16,0.7,7.0,6.95
3649,1640-1-9,HOH 808,1995-09-20,,,,0.2,0.3,0.15,1.9,5.5,5.72
3650,1640-1-13,Monstjørna,1995-09-20,,0.03,,0.6,0.4,0.09,0.8,5.9,7.19
3651,1640-1-22,Heggrøsttjørnane,1995-09-20,,,,0.2,0.2,0.05,,3.6,7.16
3652,1640-2-17,Store Fjellsjøen,1995-09-20,,,,0.6,0.2,0.05,0.8,1.7,6.91
3653,1640-2-19,Vedtjørna,1995-09-20,,,,0.3,0.2,0.05,,2.8,7.2
3654,1640-3-3,Djupsjøen,1995-09-20,,0.2,0.1,26.9,3.1,0.82,107.5,2.8,7.31
3655,1640-3-4,Styggsjøane,1995-09-20,,,,,0.1,0.07,0.9,1.8,5.93
3657,1640-4-1,Aursunden,1995-09-20,,,,1.4,0.4,0.08,2.1,1.4,7.2
3658,1648-1-3,Brekkesetertj.,1995-09-20,,,0.2,,0.3,0.07,0.8,5.7,6.63
3659,1648-1-11,Vardetjørna,1995-09-20,0.132,,,0.3,0.6,0.05,,1.9,7.33
3660,1648-2-15,Langvatnet,1995-09-20,,,,0.5,0.4,0.03,0.4,1.4,7.42
3661,1653-2-10,Krokuttjørna,1995-09-20,,,,,0.1,,,2.8,7.16
3662,1653-3-10,Benna,1995-09-18,0.195,,,0.6,0.5,0.07,0.5,1.9,7.73
3663,1657-3-9,Laugen,1995-09-18,,,0.2,1.2,1.6,0.09,0.8,4.5,7.63
3664,1702-1-6,Giskåstjørna,1995-09-19,,,0.2,0.3,0.2,0.18,1.3,8.7,6.28
3665,1702-1-17,Sandtjern,1995-09-19,,,0.1,0.3,0.2,0.11,1.0,7.3,6.43
3666,1702-2-17,Jenshusvatnet,1995-09-19,,0.13,0.3,0.4,0.4,0.1,1.0,6.8,6.99
3667,1703-1-5,Fjellsettjørna,1995-09-19,,,1.2,0.4,0.5,0.18,1.3,8.5,5.8
3668,1703-2-1,Gravvatnet,1995-09-19,,,0.2,0.3,0.2,0.3,2.5,7.1,5.52
3670,1711-3-8,Fundsjøen,1995-09-20,,0.05,0.1,0.8,0.4,0.25,4.4,2.2,6.45
3671,1711-4-2,Fjergen,1995-09-20,,,,1.0,0.3,0.05,1.3,2.1,6.92
3672,1717-2-6,Liavatnet,1995-09-19,,,0.2,1.4,2.0,0.08,0.6,6.3,7.77
3673,1718-1-8,Ø. Ljøsvatn,1995-09-19,,,0.2,0.4,0.4,0.13,0.6,4.7,6.97
3674,1718-1-9,Svarttjønn,1995-09-19,,,0.4,0.4,0.6,0.24,2.2,7.0,5.67
3675,1718-1-10,Storskartjørna,1995-09-19,,0.02,0.3,0.4,0.5,0.13,1.5,3.8,6.36
3676,1718-1-15,Aunbyvatn,1995-09-19,,,0.2,0.6,0.6,0.1,4.2,5.8,6.9
3677,1718-1-16,Okstjønn,1995-09-19,,0.03,0.5,0.2,0.4,0.15,1.6,5.4,6.15
3678,1721-2-13,Søre Vassdalstjørna,1995-09-19,,,,0.3,0.2,0.11,0.5,2.7,6.66
3679,1721-3-15,Storbellingen,1995-09-19,,,,0.3,0.3,0.05,1.4,3.1,6.66
3680,1723-2-5,Røsvatnet,1995-09-19,,,0.2,0.4,0.3,0.06,1.7,5.2,6.58
3681,1724-2-22,Bogatjørna,1995-09-19,,,,,,0.19,1.2,4.1,6.18
3682,1725-1-20,Øvre Steintjørna,1995-09-19,,,,,,0.17,0.7,1.9,5.64
3683,1725-2-18,Øver-Kallhammarvatnet,1995-09-19,,,0.4,0.4,0.3,0.22,1.5,13.4,5.82
3684,1725-2-21,Sæterlangvatnet,1995-09-19,,,,,0.1,0.17,0.7,4.7,6.73
3685,1736-1-22,Fiskløysa,1995-09-19,,,,0.5,0.8,0.1,1.4,2.5,7.32
3686,1736-1-27,HOH 617,1995-09-19,,,,,0.2,0.12,0.5,2.2,6.34
3687,1736-2-3,HOH 619,1995-09-19,,,,0.3,,0.09,0.7,1.7,6.12
3688,1736-2-15,Hattjørna,1995-09-19,,,,,0.1,0.04,,0.77,6.41
3690,1736-5-1,Snåsavatnet,1995-11-13,,,0.1,0.5,0.5,0.09,1.0,3.5,7.07
3691,1738-1-19,Grønlitjørna,1995-09-19,,,0.1,0.4,0.4,0.05,0.6,3.6,7.14
3692,1738-1-21,Storolatjørnin,1995-09-19,,,,,0.3,0.12,1.1,4.3,6.51
3693,1738-2-12,Koitjørna,1995-09-19,,,,0.3,0.2,0.4,1.1,6.8,6.33
3694,1738-3-6,Store Strivatnet,1995-09-19,,,,0.4,0.2,0.05,,1.7,6.93
3695,1738-3-7,Djupvatnet,1995-09-19,,,,0.3,0.3,0.07,4.6,2.4,6.76
3696,1738-3-13,Langvatnet,1995-09-19,,,,0.2,0.1,0.08,0.8,1.9,6.44
3697,1738-4-1,Rengen,1995-09-19,,,,0.4,0.2,0.1,1.2,2.9,6.52
3698,1739-1-2,HOH 1069,1995-09-19,,,,,0.1,0.13,0.9,0.22,6.09
3699,1739-1-12,HOH 654,1995-09-19,,,,0.5,,0.07,0.4,0.69,6.74
3700,1739-1-18,Laagkoenjuenientjonne,1995-09-19,,,,0.6,1.9,0.04,0.4,1.9,7.14
3701,1739-1-28,Okstjørna,1995-09-19,,,,0.2,0.3,0.2,0.8,3.2,7.48
3702,1739-2-4,HOH 886,1995-09-19,,,,0.2,0.1,0.08,0.6,0.59,6.57
3703,1739-2-14,Måarenjaevrieh,1995-09-19,,,,0.4,0.3,0.04,,1.2,6.92
3704,1739-2-19,Øvre Blåmurtjørnin,1995-09-19,,,,,0.1,0.05,0.8,0.8,7.07
3705,1739-3-3,Vestre Rekaren,1995-09-19,,,,0.4,0.2,0.05,0.6,1.3,6.97
3706,1739-5-1,Tunnsjøen,1995-11-13,,0.04,,2.3,0.4,0.03,6.4,1.0,7.01
3707,1740-2-9,Storskorovatn,1995-09-19,,0.25,0.1,37.7,0.6,0.73,139.1,0.54,5.1
3708,1740-2-10,Krokvatnet,1995-09-19,,,,,,0.13,0.5,0.31,6.36
3709,1740-2-39,Grøndalsvatnet,1995-09-19,,,,0.4,0.2,0.07,0.5,1.4,6.94
3710,1742-1-1,Liatjørnin,1995-09-19,,,,,,0.08,0.4,1.9,5.58
3711,1742-1-7,HOH 824,1995-09-19,,,0.4,0.6,0.8,0.25,1.2,0.62,6.31
3712,1742-1-24,Røyrtjørna,1995-09-19,,0.03,0.3,0.6,0.5,0.24,2.7,8.8,7.33
3713,1748-3-5,Kvernvikvatnet,1995-09-19,,,,0.3,0.2,0.14,1.7,3.7,6.85
3714,1749-1-25,Erlandvatnet,1995-09-19,0.2,,0.1,0.3,0.2,0.43,1.4,9.7,5.58
3715,1749-3-12,Mjosundvatnet,1995-09-19,,,,0.3,0.3,0.13,1.6,1.9,5.85
3716,1751-1-4,Reinbærlivatnet,1995-09-19,,0.02,0.2,0.5,0.3,0.14,0.9,3.4,6.16
3717,1751-1-13,Sætertjørna,1995-09-19,0.143,,0.1,0.3,0.1,0.29,0.8,4.3,5.52
3718,1751-1-23,Langvatn,1995-09-19,,,,0.2,0.2,1.02,0.5,3.5,6.48
3719,1751-2-2,Småholmvatnet,1995-09-19,0.124,,,0.3,0.1,0.14,0.9,1.5,6.27
3720,1751-2-7,Vasslivatnet,1995-09-19,,,0.3,0.7,0.5,0.11,1.0,6.3,6.73
3721,1804-3-17,Sørvatnet,1995-10-25,,,0.2,0.3,0.7,0.21,1.4,1.9,6.17
3722,1805-1-7,Vestfjordvatnan,1995-11-02,,,,0.3,0.2,0.04,,1.0,7.05
3723,1805-1-14,Søsterbekkvatnan,1995-10-25,,0.03,,0.6,0.4,0.14,2.0,1.5,6.41
3724,1805-3-4,Storvatnet,1995-11-02,,,,0.4,0.4,,,1.0,7.14
3725,1811-1-22,HOH 674,1995-10-02,,,,0.2,0.1,0.18,0.8,0.36,6.13
3726,1811-3-6,Myrmarkvatnet,1995-10-02,,,,,0.2,0.12,0.8,1.8,6.35
3727,1812-1-12,Gjerdevatnet,1995-10-02,,,1.0,1.1,2.0,0.25,2.1,3.5,7.7
3728,1813-2-5,Tilremsvatnet,1995-10-02,,0.02,0.2,1.2,1.6,0.18,1.6,7.0,7.88
3729,1820-1-20,Helknavatnet,1995-10-02,,,,,,0.18,0.9,0.33,5.8
3730,1824-1-3,HOH 864,1995-10-02,,0.02,,0.4,0.4,0.56,1.0,0.89,5.93
3731,1824-1-6,HOH 821,1995-10-02,,,,,,0.37,0.7,0.28,5.71
3732,1824-1-17,Kottjørna,1995-10-02,,,,0.9,0.3,0.12,4.5,1.7,7.33
3733,1824-2-25,HOH 444,1995-10-02,0.138,,,,,0.07,,0.93,6.05
3734,1825-1-5,Sørtjørna,1995-10-02,,,,,0.2,0.08,0.4,0.95,7.5
3735,1825-1-9,Sivtjønna,1995-10-02,,,,0.2,0.2,0.12,1.0,3.5,6.82
3736,1825-2-23,Litle Holmvatnet,1995-10-02,,,,0.3,0.2,0.04,0.3,2.1,7.27
3737,1825-4-4,Store Majavatnet,1995-10-02,,0.03,,0.3,0.3,0.05,1.1,2.2,7.06
3738,1826-1-8,HOH 785,1995-10-02,0.203,,,0.4,0.5,0.06,,0.73,7.47
3739,1826-1-10,HOH 822,1995-10-02,,,,0.2,,0.03,,0.43,6.75
3740,1826-3-24,Fisklausvatnet,1995-10-02,,,,0.6,0.8,0.06,,0.55,7.44
3741,1826-4-3,Unkervatnet,1995-10-02,,,,0.6,0.7,0.06,0.8,1.6,7.46
3742,1826-5-1,Røssvatnet,1995-11-15,,,,0.5,0.7,0.18,3.1,0.64,7.12
3743,1833-1-13,HOH 752,1995-10-02,0.129,,,0.4,0.4,0.11,1.1,0.33,6.68
3744,1833-1-15,Steinbekktjørna,1995-10-02,,0.12,4.0,1.7,1.6,14.75,31.1,8.7,6.41
3745,1833-1-16,HOH 695,1995-10-02,,,,,,0.2,0.9,0.2,5.96
3746,1833-1-19,HOH 1034,1995-10-02,,,,0.3,0.1,0.08,1.0,0.29,6.05
3747,1833-3-1,Store Blerekvatnet,1995-10-02,,,,,0.2,0.04,0.3,0.93,6.96
3748,1836-1-21,HOH 662,1995-10-02,0.127,,,,,0.25,0.8,0.2,5.82
3749,1836-2-14,Storvatnet,1995-10-02,,,0.1,0.5,0.7,0.06,0.5,3.3,6.83
3750,1836-3-2,Gjervalvatnet,1995-10-02,,,,0.4,0.1,0.05,0.7,0.21,6.31
3751,1837-3-3,Spilderdalsvatnet,1995-10-02,,,0.1,,0.2,,0.4,5.8,6.77
3752,1840-1-1,HOH 757,1995-10-02,,,,0.2,0.6,0.04,0.7,0.24,6.2
3753,1840-1-4,HOH 725,1995-10-02,,,,0.2,0.1,0.03,,0.86,7.14
3754,1840-3-7,Solvågvatnet,1995-10-02,,,,0.9,3.2,,2.8,0.2,6.8
3755,1840-3-9,Store Rosna,1995-10-02,,,,0.2,0.2,0.04,,0.71,7.39
3756,1841-1-18,HOH 938,1995-10-02,,,,0.3,0.2,0.04,0.8,0.2,6.82
3757,1842-2-6,HOH 162,1995-10-25,0.184,,,0.3,0.3,0.08,0.8,2.8,7.02
3758,1842-2-7,Storoksvatnet,1995-10-25,,0.03,,0.4,0.2,0.22,0.8,1.0,7.35
3759,1842-3-14,HOH 472,1995-10-25,,,,,0.1,0.1,0.4,1.2,7.35
3760,1845-2-2,Hurrejavrrazat,1995-10-02,,,,0.3,0.1,,,0.2,6.96
3761,1845-2-21,HOH 903,1995-10-02,,0.03,,0.2,0.3,1.43,2.9,0.2,5.99
3762,1848-2-4,Synstelvvatn,1995-10-25,,,,0.4,,0.14,0.6,0.23,5.68
3763,1848-2-10,HOH 281,1995-10-25,,,,0.2,,0.11,0.9,1.0,5.41
3764,1848-2-15,Breiddalsvatnan,1995-10-25,,0.02,,0.4,0.3,0.14,0.7,0.61,6.58
3765,1849-2-3,Lilandsvatn,1995-10-25,,,,0.3,,0.15,2.8,4.4,6.57
3766,1849-2-18,HOH 760,1995-10-02,,,,,0.1,0.04,0.8,0.2,6.12
3767,1849-3-18,Sandnesvatnet,1995-10-25,,,0.1,0.3,0.2,0.08,1.0,2.1,6.89
3768,1850-2-12,HOH 880,1995-10-02,,0.03,0.2,0.6,0.3,0.21,2.4,0.2,7.18
3769,1850-2-19,Storvatnet,1995-10-02,,0.03,,0.3,0.3,0.03,3.2,0.49,6.52
3770,1850-3-11,Hievstenjavri,1995-10-02,,,,,,0.05,,0.42,6.41
3771,1853-3-13,Lavangsvatn,1995-10-02,,0.04,,0.6,1.0,0.12,1.7,3.3,7.9
3772,1854-2-16,Stopålvatnet,1995-09-27,,,,0.3,1.3,0.05,0.9,2.4,8.06
3773,1866-1-2,Ulvøyvatn,1995-09-25,,0.16,,0.4,0.2,0.22,1.3,7.4,7.33
3774,1866-1-11,Austpollvatnan,1995-09-21,,,,,0.2,0.03,0.8,0.32,6.79
3775,1870-2-1,Langvatnet,1995-09-21,,,,,,0.03,,1.0,6.69
3776,1870-2-20,Kjerringnesdalsvatn,1995-09-21,,,0.4,0.5,0.7,0.08,0.9,2.1,6.77
3777,1871-2-24,Rundvatn,1995-09-21,,,,0.2,,,,0.38,6.4
3778,1871-3-22,Storvatnet,1995-10-25,0.17,,0.2,0.3,0.2,0.13,1.0,5.8,6.8
3779,1901-2-5,Botnvatn,1995-09-28,,0.04,,0.5,0.7,0.09,1.0,1.9,7.39
3780,1902-2-11,Storvatnet,1995-11-04,,,,,,0.04,,1.4,6.57
3781,1917-1-15,Juliusvatnet,1995-09-18,,,,0.3,0.2,,,0.41,7.27
3782,1917-3-4,Skipsvatnet,1995-09-18,,,0.2,0.3,0.5,0.07,0.9,2.9,6.42
3783,1922-1-14,HOH 504,1995-09-15,,,,0.4,0.5,0.08,0.7,1.1,7.28
3784,1922-2-10,Dalbergvatnet,1995-09-15,,,,0.3,0.4,,0.5,0.76,7.18
3785,1924-1-2,Tømmertjørnet,1995-09-18,,,0.3,0.7,0.6,0.05,0.4,9.5,7.18
3786,1924-1-4,HOH 1044,1995-09-28,,,,,0.4,,,0.43,7.55
3787,1924-1-7,Fiskvatn,1995-09-28,,0.07,0.1,0.6,0.9,0.09,2.4,8.4,7.39
3788,1924-1-12,HOH 770,1995-09-28,,,,0.4,0.7,,,1.1,7.56
3789,1924-2-4,Sætervatnet,1995-09-21,,,,,0.2,,,0.2,7.79
3790,1924-2-6,Fonnskardvatnet,1995-09-21,,,0.5,1.4,0.6,0.07,0.6,0.2,7.67
3791,1926-1-10,Femvatnan,1995-09-28,,,0.3,0.4,1.0,0.08,0.6,0.2,6.91
3792,1927-3-1,Kapervatnet,1995-09-28,,0.02,,0.5,0.2,0.12,0.8,0.74,6.2
3793,1927-3-2,Storvatnet,1995-10-12,,,,,0.8,0.04,,1.2,7.94
3794,1931-4-1,Finnfjordvatnet,1995-09-28,,0.03,,0.4,0.8,0.07,0.6,1.9,7.63
3795,1933-3-3,Sagelvvatnet,1995-09-28,,0.02,,,0.8,0.09,1.2,1.6,7.91
3796,1936-1-1,HOH 11,1995-10-01,,,0.2,1.1,0.2,0.39,1.4,7.7,5.78
3797,1938-1-8,Kalddalsvatnet,1995-10-01,0.306,,1.0,1.8,1.1,0.09,0.7,0.2,7.22
3798,1939-1-3,HOH 1045,1995-09-28,,,,,0.3,0.04,0.4,0.29,6.19
3799,1939-1-9,Mallajavrrit,1995-09-28,,,0.2,0.8,1.0,0.15,1.0,1.3,7.31
3800,1939-1-13,HOH 905,1995-09-28,,,,,,,0.4,0.24,6.34
3801,1940-2-2,Vuoddojavrit,1995-09-28,0.152,,,0.3,,0.03,,0.83,7.2
3802,1940-3-6,Goddejavri,1995-09-28,,0.12,,0.4,0.9,0.05,1.3,0.45,7.54
3803,1942-2-1,Doaresjavri,1995-09-28,,0.08,0.1,0.6,0.5,0.19,2.2,1.1,7.48
3804,1942-2-8,Gahkkorjavri,1995-09-28,,,,1.1,0.3,0.03,0.4,1.7,7.31
3805,1943-1-11,HOH 551,1995-09-29,,,,0.4,0.2,,,0.75,7.37
3806,1943-2-12,Madenjånnejavri,1995-09-29,,,,0.3,0.2,0.03,0.4,1.5,6.84
3807,2003-3-2,Oardujavri,1995-09-20,,,,,,0.04,,0.93,6.82
3808,2004-1-8,Låtrevatnet,1995-09-30,,,,,0.4,,,1.6,6.97
3809,2011-1-6,Amasjavri,1995-09-19,,,,0.5,0.3,0.03,,2.6,7.7
3810,2011-1-9,Njargajavri,1995-09-18,,,0.2,,0.3,0.11,1.4,9.2,7.17
3811,2011-1-12,HOH 407,1995-09-18,,,,,0.1,0.09,,3.4,6.75
3812,2011-1-16,HOH 537,1995-09-19,0.148,,0.1,0.4,0.6,0.07,0.3,5.3,7.63
3813,2011-1-34,HOH 366,1995-09-20,,,0.2,0.3,0.4,0.15,0.5,7.2,7.3
3814,2011-1-41,Madiijavrit,1995-09-18,,,0.2,,0.5,0.09,1.5,10.9,7.23
3815,2011-1-51,HOH 376,1995-09-20,0.108,,0.4,0.4,0.4,0.05,0.4,9.5,7.36
3816,2011-1-58,HOH 370,1995-09-18,,,0.8,0.5,0.6,0.19,1.4,10.1,5.6
3817,2011-1-66,HOH 381,1995-09-19,,,,0.7,0.5,0.03,,5.6,7.63
3818,2011-1-67,HOH 358,1995-09-18,,,0.4,0.5,0.3,0.06,0.4,11.3,6.62
3819,2011-2-4,Cuorvoncåkkavuoljavri,1995-09-19,,,,,0.1,0.04,,1.9,7.44
3820,2011-2-5,Gakkesjavri,1995-09-19,,,0.2,0.4,0.3,0.07,0.5,5.2,6.67
3821,2011-2-12,Cuolbmajavri,1995-09-19,,,,0.6,0.2,,,1.5,7.59
3822,2011-2-13,HOH 385,1995-09-18,,,0.4,0.3,0.3,0.05,0.4,4.0,6.66
3823,2011-2-14,HOH 446,1995-09-18,0.132,,0.3,0.3,0.2,0.16,0.8,6.1,6.3
3824,2011-2-15,HOH 356,1995-09-18,,,0.4,0.3,0.6,0.16,0.6,8.0,7.39
3825,2011-2-18,HOH 424,1995-09-18,,,,,,0.18,0.5,2.8,6.79
3826,2011-2-20,Vuovdevuonjaljavri,1995-09-18,,,,0.3,0.3,,,1.9,7.59
3827,2011-2-31,Vuovdeluobbal,1995-09-19,,,0.3,0.3,0.3,0.06,0.3,6.6,7.43
3828,2011-2-43,HOH 376,1995-09-18,,,0.1,,0.1,0.03,,4.3,6.95
3829,2011-2-44,Rebmesluobbalat,1995-09-19,,,0.1,0.6,0.2,0.06,1.4,4.3,7.02
3830,2011-3-5,Saiva,1995-09-19,,,0.3,0.6,0.9,0.18,1.3,4.8,7.63
3831,2011-3-11,Mollejusgåbejavri,1995-09-19,,,,,,,,1.2,6.98
3832,2011-3-13,Jårgajavri,1995-09-19,,,0.1,0.4,0.5,0.05,0.6,3.6,7.74
3833,2011-1-10,HOH 390,1995-09-18,,,0.2,0.3,0.6,0.15,0.3,3.6,7.16
3834,2012-1-26,HOH 542,1995-09-29,,,,,0.1,0.03,,0.48,6.34
3835,2012-1-33,HOH 745,1995-09-29,,,,0.4,0.2,0.03,,0.37,6.25
3836,2012-1-38,Tørrelvvatna,1995-09-29,,,,,0.1,,,0.4,6.54
3837,2012-1-53,HOH 230,1995-09-29,,,,,0.1,,,9.0,7.04
3838,2012-1-54,HOH 459,1995-09-29,,,0.2,0.4,0.2,0.05,0.4,5.1,6.7
3839,2012-1-56,HOH 392,1995-09-29,0.124,,0.2,1.3,0.3,0.08,,3.6,7.14
3840,2012-1-62,HOH 359,1995-09-29,,,0.1,0.3,0.4,0.09,2.3,3.0,7.06
3841,2012-2-1,HOH 479,1995-09-29,,,,0.4,0.2,0.04,,2.6,6.93
3842,2012-2-26,Ninnasjuhanajavri,1995-09-29,,,0.2,,0.3,,,2.4,7.15
3843,2012-2-42,HOH 719,1995-09-29,0.163,,,,,0.09,,0.45,7.15
3844,2012-2-46,Øvre Sørelvvatnet,1995-09-29,,,,0.3,0.4,,,1.9,7.2
3845,2014-1-59,HOH 665,1995-09-30,,,,0.3,0.1,0.27,0.4,0.2,6.74
3846,2014-2-29,Ternevatnet,1995-09-30,,,,,,,,0.5,6.89
3847,2015-2-10,Langkeilvatn,1995-09-30,,,,0.4,0.4,0.08,1.0,1.6,7.08
3848,2017-1-3,HOH 610,1995-09-30,,,0.2,0.5,0.3,0.15,1.5,0.31,5.87
3849,2017-1-55,HOH 243,1995-09-30,0.158,,,,,0.08,,0.54,6.26
3850,2017-2-45,Gukkesluobbal,1995-09-30,,,0.3,0.9,0.5,0.06,,2.0,6.77
3851,2018-1-36,HOH 165,1995-09-30,,,,,0.1,,0.5,0.74,6.73
3852,2018-1-39,HOH 370,1995-09-30,,,,,,0.06,,0.38,5.88
3853,2018-1-46,HOH 497,1995-09-30,,,,2.0,0.4,0.06,1.2,0.51,6.3
3854,2018-1-49,HOH 340,1995-09-30,,,,,0.3,0.05,0.3,0.34,5.52
3855,2018-1-72,HOH 128,1995-09-30,,,,0.3,0.2,0.09,1.3,0.76,5.97
3856,2018-2-22,Lamvatnet,1995-09-30,,0.02,,0.3,0.2,0.05,0.5,0.58,5.87
3857,2018-2-37,Jiegnajavrit,1995-09-30,0.104,0.27,,,,0.09,0.4,0.29,6.18
3858,2018-3-6,Måkkejavri,1995-09-30,,,,0.2,0.2,0.04,0.5,0.49,5.83
3859,2020-1-5,HOH 582,1995-09-21,,,0.2,0.2,0.2,0.15,1.0,0.4,6.87
3860,2020-1-20,Ucca Lakcajavrit,1995-09-21,,0.03,0.2,0.5,0.6,0.29,3.0,4.7,7.12
3861,2020-1-50,Rambijærvi,1995-09-21,0.249,,,0.5,0.6,0.05,0.6,3.2,8.14
3862,2020-1-70,HOH 316,1995-09-21,,0.04,0.6,0.5,1.3,0.14,2.2,10.7,7.31
3863,2020-1-71,Raktoailuobbalat,1995-09-29,0.143,,,,0.1,,,2.9,6.99
3864,2020-2-11,Båldnejavri,1995-09-29,,,0.2,0.3,0.2,0.06,0.6,2.1,6.69
3865,2020-2-32,Coalbmejavri,1995-09-29,,,0.3,1.6,0.8,,,2.5,7.51
3866,2020-2-41,Luomujavrit,1995-09-30,0.259,,,,,0.04,,0.36,6.65
3867,2020-2-47,Ravdujavri,1995-09-21,,0.15,0.2,0.2,0.7,0.21,3.6,2.5,7.81
3868,2020-3-1,Læktujavri,1995-09-29,,,,,0.3,,,2.4,7.21
3869,2021-1-2,HOH 450,1995-09-19,,0.03,,,0.5,,0.4,3.1,7.29
3870,2021-1-17,Hannoailaddut Nord,1995-09-18,,0.04,1.7,2.2,3.2,0.21,4.1,9.8,5.28
3871,2021-1-24,HOH 310,1995-09-19,,,0.3,0.4,0.4,,0.5,9.0,7.13
3872,2021-1-35,HOH 415,1995-09-29,,,0.1,0.3,0.2,0.06,0.4,7.0,7.4
3873,2021-1-64,HOH 382,1995-09-19,,,0.1,,0.2,0.04,0.3,4.8,7.02
3874,2021-1-65,HOH 361,1995-09-21,,,0.3,,1.0,0.12,1.4,3.7,6.98
3875,2021-2-8,Iddjavarjavri,1995-09-19,,,0.1,0.4,0.4,0.03,0.4,5.0,7.39
3876,2021-2-21,Dåggejåkjavrit,1995-09-19,,,0.1,,0.5,0.09,0.4,4.2,7.21
3877,2021-2-40,Nieidaidjavrit,1995-09-19,,,,,0.3,0.04,,4.8,6.51
3878,2021-3-12,Mailejavri,1995-09-19,,,,,0.2,,,3.7,7.04
3879,2021-4-2,Iddjajavr,1995-09-21,,,,,,,,3.2,7.32
3883,2022-1-23,Liinajavri,1995-09-21,,,0.1,0.2,0.3,0.07,0.9,1.1,7.26
3884,2022-1-25,HOH 417,1995-09-21,0.101,,,0.2,,0.05,,1.3,7.09
3885,2022-1-28,HOH 425,1995-09-21,,,,0.3,0.4,0.08,0.9,1.2,6.69
3886,2022-1-43,HOH 210,1995-09-21,,0.05,,,0.3,0.19,0.9,0.58,6.55
3887,2022-1-69,HOH 223,1995-09-21,,0.04,0.1,0.3,0.4,0.11,2.4,2.3,6.75
3888,2022-2-6,HOH 306,1995-09-21,,0.08,0.1,0.3,0.4,0.17,2.6,0.61,6.31
3889,2023-1-18,Nerdalsvatnet,1995-09-21,,,,0.4,0.2,0.17,0.8,1.7,7.22
3891,2023-2-2,Holmevatnet,1995-09-21,0.62,0.11,,0.3,0.2,0.07,,2.3,7.22
3892,2023-2-19,HOH 257,1995-09-21,,,,,,,,1.0,6.77
3893,2023-2-23,Middagsvatna,1995-09-21,,,,,0.1,0.06,,1.1,7.09
3894,2025-1-1,Gistuladdut,1995-09-21,0.117,,,0.6,0.5,0.1,0.7,1.9,7.29
3895,2025-1-11,HOH 368,1995-09-21,,,,,,,,0.96,6.6
3896,2025-1-15,HOH 185,1995-09-21,,,,,,,,2.1,6.34
3897,2025-1-47,Hannujavrit,1995-09-21,0.299,0.02,0.1,0.5,0.5,0.37,15.7,7.2,6.93
3898,2025-1-52,HOH 299,1995-09-21,,0.04,,,1.0,0.09,2.8,0.83,6.75
3899,2025-2-9,Sammutjavri,1995-09-21,,0.04,0.2,0.3,0.5,0.11,1.8,2.5,6.79
3900,2025-3-9,Nissujavri,1995-09-21,,,,0.5,0.6,0.08,0.9,0.97,7.08
3901,2027-1-4,HOH 329,1995-09-18,,0.08,,0.4,0.6,0.24,0.8,1.7,6.36
3902,2027-2-25,Suolojavri,1995-09-18,0.115,0.05,,0.6,0.3,0.1,0.5,2.4,6.8
3903,2027-2-33,HOH 272,1995-09-18,,0.02,,0.3,0.5,0.04,,2.1,6.86
3904,2027-3-3,Diergejavri,1995-09-18,,,,0.2,0.1,,,2.4,6.93
3905,2027-3-7,Cuoggujavri,1995-09-18,,0.02,0.1,0.7,0.5,0.04,0.4,2.9,7.22
3906,2028-2-17,Prestelvvatnet,1995-09-21,0.331,0.04,,1.1,0.3,0.19,0.9,0.47,6.76
3907,2030-1-14,HOH 228,1995-09-18,,,,0.3,0.6,0.06,0.9,1.2,6.65
3908,2030-1-21,HOH 126,1995-09-22,,0.05,,0.9,0.8,0.28,1.1,2.3,6.43
3909,2030-1-68,HOH 328,1995-09-18,0.115,0.06,,0.4,0.3,0.08,0.7,1.3,5.87
3910,2030-2-24,Urdtjernet,1995-09-18,,0.06,,0.9,1.3,0.1,0.7,1.7,6.87
3911,2030-2-28,Indre Torvfjellvatna,1995-09-18,,,,1.5,3.1,0.08,0.8,2.1,6.52
3912,2030-2-35,Lynnevatn,1995-09-18,,0.07,,0.8,0.6,0.22,3.3,2.5,6.65
3913,2030-2-38,HOH 205,1995-09-18,0.11,0.03,,0.3,0.3,0.13,0.3,1.5,6.54
3914,2030-3-4,Moalkegalsajavri,1995-09-18,,,,0.4,0.4,0.04,,1.7,6.7
3917,1640-3-7,Midtre Muggsjøen,1995-09-20,,,,,0.2,0.07,1.0,1.4,5.94
3918,1711-3-1,Skurdalsvatnet,1995-09-20,,,,0.3,0.2,0.06,0.7,1.4,6.81
15705,830-26,Måvatn,1995-10-19,,0.03,,,0.6,0.23,5.4,2.4,5.1
15712,904-12,Snøløsvatn,1995-10-19,,,,,,,,3.7,6.24
15860,2030-623,St. Sametti,1995-09-18,,,,,,,,2.3,6.68
16132,432-603,Arasjøen,1995-09-20,,,,,,,,6.2,5.78
17809,418-601,Nøklevatn,1995-10-20,,,,,,,,6.4,4.98
17854,529-601,Skjelbreida,1995-10-20,,,,,,,,6.3,6.68
17854,529-601,Skjelbreida,1995-11-13,0.196,,,0.6,0.4,0.11,1.6,6.3,6.68
17867,536-603,Kvitingen,1995-09-21,,,,,,,,5.5,6.4
17876,540-608,Vangen,1995-09-21,,,,0.4,0.3,0.09,1.4,3.3,6.53
17888,605-602,Øvre Kollsjø,1995-09-15,,,,,,,,8.6,5.41
17957,826-605,Sandvatn,1995-09-27,,,,,,,,6.4,5.92
17966,828-603,Pålbuvatnet,1995-10-19,,,,,,,,5.1,5.02
17988,831-15,Mjåvatn,1995-10-20,,,,,,,,3.0,5.74
18013,834-604,Vråsjåen,1995-09-21,,,,,,,,0.98,6.15
18042,914-15,Stokkebuvatnet,1995-10-19,,,,,,,,5.7,5.92
18073,929-605,Måvatn,1995-10-18,,0.13,,0.6,0.5,3.73,10.3,0.21,4.51